01SHC1004CBL,38.71
01SHC1004CRD,38.71
01SHC1061ZBK,35.48
01SHC1061ZBL,35.48
01SHC1061ZPK,35.48
01SHC1061ZRD,35.48
01SHC1062ZBK,35.48
01SHC1062ZBL,35.48
01SHC1062ZRD,35.48
01SHC1063ABL,8.87
01SHC1063ARD,8.87
01SHC1063ZBK,61.29
01SHC1063ZBL,61.29
01SHC1063ZRD,61.29
01SHC1064ZBK,32.26
01SHC1064ZBL,32.26
01SHC1064ZRD,32.26
01SHC1065ZBK,30.65
01SHC1065ZBL,30.65
01SHC1065ZRD,30.65
01SHC1066ZBK,32
01SHC1066ZBL,32
01SHC1066ZRD,32
01SHC1067ZBK,37.1
01SHC1067ZBL,37.1
01SHC1067ZRD,37.1
01SHC1068ZBK,35.48
01SHC1068ZBL,35.48
01SHC1068ZRD,35.48
01SHC1069ZBK,17
01SHC1069ZBL,17
01SHC1069ZRD,17
01SHC1070ZBK,22.6
01SHC1070ZBL,22.6
01SHC1070ZRD,22.6
01SHC1073ZBK,23.59
01SHC1073ZBL,23.59
01SHC1073ZRD,23.59
01SHC1077ZBL,8.71
01SHC1078ZBK,3.87
01SHC1078ZBL,3.87
01SHC1078ZRD,3.87
01SHC1101ZBK,12.06
01SHC1101ZBL,12.06
01SHC1101ZRD,12.06
01SHC1102ZBK,10.65
01SHC1102ZBL,10.65
01SHC1102ZRD,10.65
01SHC1103CBK,25.55
01SHC1103CBL,25.55
01SHC1103CRD,25.55
01SHC1103ZBK,15.61
01SHC1103ZBL,15.61
01SHC1103ZRD,15.61
01SHC1104ZBK,22.58
01SHC1104ZBL,22.58
01SHC1104ZRD,22.58
01SHC1105ZBK,11
01SHC1105ZBL,11
01SHC1105ZPL,11
01SHC1105ZRD,11
01SHC1106ZBK,29.98
01SHC1106ZBL,29.98
01SHC1106ZRD,29.98
01SHC1107ZBK,45.16
01SHC1107ZBL,45.16
01SHC1107ZRD,45.16
01SHC1108ZBK,22.58
01SHC1108ZBL,22.58
01SHC1108ZRD,22.58
01SHC1110ZBL,40.32
01SHC1110ZRD,40.32
01SHC1116ZBK,15.49
01SHC1116ZBL,15.49
01SHC1116ZRD,15.49
01SHC1118CBK,35.81
01SHC1118CBL,35.81
01SHC1118CRD,35.81
01SHC1162ZBK,4.06
01SHC1162ZBL,4.06
01SHC1162ZRD,4.06
01SHC1163ZBK,6.1
01SHC1163ZBL,6.1
01SHC1163ZRD,6.1
01SHC1164ZBK,8.71
01SHC1164ZBL,8.71
01SHC1164ZRD,8.71
01SHC1201ZBK,17.21
01SHC1201ZBL,17.21
01SHC1201ZRD,17.21
01SHC1202ZBL,16.3
01SHC1202ZRD,16.3
01SHC1203ZBL,15.8
01SHC1203ZRD,15.8
01SHC1204ZBK,20.94
01SHC1204ZBL,20.94
01SHC1204ZRD,20.94
01SHC1205ZBK,20.57
01SHC1205ZBL,20.57
01SHC1205ZRD,20.57
01SHC1212ZBK,27.1
01SHC1212ZBL,27.1
01SHC1212ZRD,27.1
01SHC1213ZBK,14.95
01SHC1213ZBL,14.95
01SHC1213ZRD,14.95
01SHC1215ZBK,32.46
01SHC1215ZBL,32.46
01SHC1215ZRD,32.46
01SHC1216ZBK,11.51
01SHC1216ZBL,11.51
01SHC1216ZRD,11.51
01SHC1217ZBK,21.6
01SHC1217ZBL,21.6
01SHC1217ZRD,21.6
01SHC1218ZBK,15.93
01SHC1218ZBL,15.93
01SHC1218ZRD,15.93
01SHC1219ZBK,6.77
01SHC1219ZBL,6.77
01SHC1220ZBK,4.1
01SHC1220ZBL,4.1
01SHC1220ZRD,4.1
01SHC1222ZBL,6.77
01SHC1222ZRD,6.77
01SHC1223ZBK,25.52
01SHC1223ZBL,25.52
01SHC1223ZRD,25.52
01SHC1226ZBK,22.65
01SHC1226ZBL,22.65
01SHC1226ZRD,22.65
01SHC1227ZBK,19.35
01SHC1227ZBL,19.35
01SHC1227ZRD,19.35
01SHC1228CBK,39.68
01SHC1228CBL,39.68
01SHC1228CRD,39.68
01SHC1229ZBK,22.26
01SHC1229ZBL,22.26
01SHC1229ZRD,22.26
01SHC1230ZBK,24.19
01SHC1230ZBL,24.19
01SHC1230ZRD,24.19
01SHC1231ZBK,29.03
01SHC1231ZBL,29.03
01SHC1231ZRD,29.03
01SHC1232ZBK,13.55
01SHC1232ZBL,13.55
01SHC1232ZRD,13.55
01SHC1261ZBK,17.39
01SHC1261ZBL,17.39
01SHC1261ZRD,17.39
01SHC1266ZBK,3.87
01SHC1266ZBL,3.87
01SHC1266ZRD,3.87
01SHC1267ZBK,5.81
01SHC1267ZBL,5.81
01SHC1267ZRD,5.81
01SHC1268ZBK,30.58
01SHC1268ZBL,30.58
01SHC1268ZRD,30.58
01SHC1269ZBK,7.35
01SHC1269ZBL,7.35
01SHC1269ZRD,7.35
01SHC1270ZBK,12.1
01SHC1270ZBL,12.1
01SHC1270ZRD,12.1
01SHC1271ZBK,4.65
01SHC1271ZBL,4.65
01SHC1271ZRD,4.65
01SHC1301ZBK,13.48
01SHC1301ZBL,13.48
01SHC1301ZRD,13.48
01SHC1303CBK,22.08
01SHC1303CBL,22.08
01SHC1303CDO,22.08
01SHC1303CFL,22.08
01SHC1303CGR,22.08
01SHC1303CPK,22.08
01SHC1303CPL,22.08
01SHC1303CRD,22.08
01SHC1303CWT,22.08
01SHC1303CYL,22.08
01SHC1303DBK,28
01SHC1303DBL,28
01SHC1303DRD,28
01SHC1303EBK,30.19
01SHC1303EBL,30.19
01SHC1303ERD,30.19
01SHC1303ZBK,11.88
01SHC1303ZBL,11.88
01SHC1303ZRD,11.88
01SHC1304CBK,25.22
01SHC1304CBL,25.22
01SHC1304CDO,25.22
01SHC1304CFL,25.22
01SHC1304CGR,25.22
01SHC1304COR,25.22
01SHC1304CPK,25.22
01SHC1304CPL,25.22
01SHC1304CRD,25.22
01SHC1304CWT,25.22
01SHC1304CYL,25.22
01SHC1304DBL,26.39
01SHC1304ZBK,14.67
01SHC1304ZBL,14.67
01SHC1304ZPL,14.67
01SHC1304ZRD,14.67
01SHC1305CBK,31.58
01SHC1305CBL,31.58
01SHC1305CRD,31.58
01SHC1305ZBK,14.9
01SHC1305ZBL,14.9
01SHC1305ZRD,14.9
01SHC1306ZBK,13.13
01SHC1306ZBL,13.13
01SHC1306ZRD,13.13
01SHC1307ZBK,17.42
01SHC1307ZBL,17.42
01SHC1307ZRD,17.42
01SHC1308ZBK,17.42
01SHC1308ZBL,17.42
01SHC1308ZRD,17.42
01SHC1309ZBK,21.29
01SHC1309ZBL,21.29
01SHC1309ZRD,21.29
01SHC1310ZBK,11
01SHC1310ZBL,11
01SHC1310ZRD,11
01SHC1311ZBK,9.94
01SHC1311ZBL,9.94
01SHC1311ZRD,9.94
01SHC1312ZBK,8.52
01SHC1312ZBL,8.52
01SHC1312ZRD,8.52
01SHC1313ZBK,38.06
01SHC1313ZBL,38.06
01SHC1313ZRD,38.06
01SHC1314CBK,30.52
01SHC1314CBL,30.52
01SHC1314CRD,30.52
01SHC1314ZBK,15.26
01SHC1314ZBL,15.26
01SHC1314ZRD,15.26
01SHC1315ZBK,7.45
01SHC1315ZBL,7.45
01SHC1315ZRD,7.45
01SHC1316ZBK,15.61
01SHC1316ZBL,15.61
01SHC1316ZFL,15.61
01SHC1316ZPL,15.61
01SHC1316ZRD,15.61
01SHC1317ZBK,15.61
01SHC1317ZBL,15.61
01SHC1317ZRD,15.61
01SHC1318ZBK,15.91
01SHC1318ZBL,15.91
01SHC1318ZRD,15.91
01SHC1319ZBK,14.19
01SHC1319ZBL,14.19
01SHC1319ZRD,14.19
01SHC1320ZBK,15.21
01SHC1320ZBL,15.21
01SHC1320ZRD,15.21
01SHC1321ABK,15.48
01SHC1321ABL,9.68
01SHC1321CBK,27.35
01SHC1321CRD,27.35
01SHC1321ZBK,20.76
01SHC1321ZBL,20.76
01SHC1321ZRD,20.8
01SHC1322ZBK,15.87
01SHC1322ZBL,15.87
01SHC1322ZRD,15.87
01SHC1324ZBK,32.9
01SHC1324ZBL,32.9
01SHC1324ZRD,32.9
01SHC1325ZBK,33.03
01SHC1325ZBL,33.03
01SHC1325ZRD,33.03
01SHC1326ZBK,27.09
01SHC1326ZBL,27.09
01SHC1326ZRD,27.09
01SHC1329ZBK,8.8
01SHC1329ZBL,8.8
01SHC1329ZRD,8.8
01SHC1331CBK,23.23
01SHC1331CBL,23.23
01SHC1331CFL,23.23
01SHC1331CRD,23.23
01SHC1332ZBK,17.7
01SHC1332ZBL,17.7
01SHC1332ZRD,17.7
01SHC1333ZBK,14.16
01SHC1333ZBL,14.16
01SHC1333ZRD,14.16
01SHC1334CBK,29.03
01SHC1334CBL,29.03
01SHC1334CRD,29.03
01SHC1335CBL,13.55
01SHC1336ZBK,12.58
01SHC1336ZBL,12.58
01SHC1336ZRD,12.58
01SHC1337CBK,18.58
01SHC1337CBL,18.58
01SHC1337CRD,18.58
01SHC1337ZBK,8.32
01SHC1337ZBL,8.32
01SHC1337ZRD,8.32
01SHC1338CBK,33.87
01SHC1338CBL,33.87
01SHC1338CRD,33.87
01SHC1361ZBK,32.26
01SHC1361ZBL,32.26
01SHC1361ZRD,32.26
01SHC1362ZBL,22.58
01SHC1363ZBL,19.35
01SHC1363ZRD,19.35
01SHC1364ZBL,19.63
01SHC1364ZRD,19.63
01SHC1368ZBK,31.35
01SHC1368ZBL,31.35
01SHC1368ZRD,31.35
01SHC1369ZBK,15.56
01SHC1369ZBL,15.56
01SHC1369ZRD,15.56
01SHC1401CBK,22.62
01SHC1401CBL,22.62
01SHC1402ABL,21.29
01SHC1402CBL,17.03
01SHC1403ZBK,22.62
01SHC1403ZBL,22.62
01SHC1403ZRD,22.62
01SHC1404CBK,22.62
01SHC1404CBL,22.62
01SHC1404CRD,22.62
01SHC1404ZBK,14.19
01SHC1404ZBL,14.19
01SHC1404ZRD,14.19
01SHC1405CBK,24.54
01SHC1405CBL,24.54
01SHC1405CRD,24.54
01SHC1405ZBK,12.51
01SHC1405ZBL,13.47
01SHC1405ZRD,13.47
01SHC1406ZBK,13.84
01SHC1406ZBL,13.84
01SHC1406ZRD,13.84
01SHC1407ZBK,10.65
01SHC1407ZBL,10.65
01SHC1407ZRD,10.65
01SHC1408ZBK,13.24
01SHC1408ZBL,13.24
01SHC1408ZRD,13.24
01SHC1410CBK,24.17
01SHC1410CBL,24.17
01SHC1410CRD,24.17
01SHC1410ZBK,12.24
01SHC1410ZBL,12.24
01SHC1410ZRD,12.24
01SHC1411ZBK,13.84
01SHC1411ZBL,13.84
01SHC1411ZRD,13.84
01SHC1413ZBK,22.35
01SHC1413ZBL,22.35
01SHC1413ZRD,22.35
01SHC1414ZBK,16.68
01SHC1414ZBL,16.68
01SHC1414ZRD,16.68
01SHC1418ZRD,30.8
01SHC1422ZBL,18.77
01SHC1425ZBK,15.71
01SHC1425ZBL,15.71
01SHC1425ZFL,15.71
01SHC1425ZRD,15.71
01SHC1426ZBK,4.84
01SHC1426ZBL,4.84
01SHC1426ZRD,4.84
01SHC1461ZBK,24
01SHC1461ZBL,24
01SHC1461ZRD,24
01SHC1462ABK,32.11
01SHC1462ABL,32.11
01SHC1462APL,32.11
01SHC1462ARD,32.11
01SHC1462ZBK,32.25
01SHC1464ZBK,38.32
01SHC1464ZBL,38.32
01SHC1464ZRD,38.32
01SHC1466ABK,20.65
01SHC1501ZBK,13.22
01SHC1501ZBL,13.22
01SHC1501ZDO,13.22
01SHC1501ZRD,13.22
01SHC1502ZBL,19.16
01SHC1503ZBK,18.81
01SHC1503ZBL,18.81
01SHC1503ZRD,18.81
01SHC1507ZBK,10.65
01SHC1507ZBL,10.65
01SHC1507ZRD,10.65
01SHC1507ZWT,10.65
01SHC1508ZBK,9.94
01SHC1508ZBL,9.94
01SHC1508ZRD,9.94
01SHC1508ZWT,9.94
01SHC1509ZBK,16.68
01SHC1509ZBL,16.68
01SHC1509ZDO,16.68
01SHC1509ZRD,16.68
01SHC1510ZBK,11.83
01SHC1510ZBL,11.83
01SHC1510ZRD,11.83
01SHC1512ZBK,24.58
01SHC1512ZBL,24.58
01SHC1512ZDO,24.58
01SHC1512ZRD,24.58
01SHC1512ZWT,24.58
01SHC1513CBK,22.67
01SHC1513CBL,22.67
01SHC1561ZBK,8.16
01SHC1561ZBL,8.16
01SHC1561ZRD,8.16
01SHC1562ZBK,13.48
01SHC1562ZBL,13.48
01SHC1562ZRD,13.48
01SHC1563ZBK,31.43
01SHC1563ZBL,31.43
01SHC1563ZGR,31.43
01SHC1563ZRD,31.43
01SHC1563ZWT,31.43
01SHC1564ZBK,11.92
01SHC1564ZBL,11.92
01SHC1564ZRD,11.92
01SHC1601ZBK,13.31
01SHC1601ZBL,13.31
01SHC1601ZRD,13.31
01SHC1602CBK,22.53
01SHC1602CBL,22.53
01SHC1602CDO,22.53
01SHC1602CFL,22.53
01SHC1602CGR,22.53
01SHC1602COR,22.53
01SHC1602CPK,22.53
01SHC1602CPL,22.53
01SHC1602CRD,22.53
01SHC1602CWT,22.53
01SHC1602CYL,22.53
01SHC1602ZBK,10.88
01SHC1602ZBL,10.88
01SHC1602ZDO,10.88
01SHC1602ZGR,10.88
01SHC1602ZPK,10.88
01SHC1602ZPL,10.88
01SHC1602ZRD,10.88
01SHC1602ZWT,10.88
01SHC1602ZYL,10.88
01SHC1603ZRD,11.26
01SHC1605ZBK,11.71
01SHC1605ZBL,11.71
01SHC1605ZDO,11.71
01SHC1605ZRD,11.71
01SHC1606ZBK,12.42
01SHC1606ZBL,12.42
01SHC1606ZRD,12.42
01SHC1612ZBK,24.31
01SHC1612ZBL,24.31
01SHC1612ZDO,24.31
01SHC1612ZRD,24.31
01SHC1613ZBK,18.45
01SHC1613ZBL,18.45
01SHC1613ZDO,18.45
01SHC1613ZRD,18.45
01SHC1613ZWT,18.45
01SHC1614CBK,44.35
01SHC1614CBL,44.35
01SHC1614CRD,44.35
01SHC1614CWT,44.35
01SHC1614ZBK,16.68
01SHC1614ZBL,16.68
01SHC1614ZRD,16.68
01SHC1615ZBK,11.35
01SHC1615ZBL,11.35
01SHC1615ZRD,11.35
01SHC1616CBK,28.39
01SHC1616CBL,28.39
01SHC1616CRD,28.39
01SHC1616DBK,30.58
01SHC1616DBL,30.58
01SHC1616DRD,30.58
01SHC1616DWT,30.58
01SHC1616ZBK,12.06
01SHC1616ZBL,12.06
01SHC1616ZDO,12.06
01SHC1616ZRD,12.06
01SHC1617ZBK,9.23
01SHC1617ZBL,9.23
01SHC1617ZRD,9.23
01SHC1619ZBK,15.26
01SHC1619ZBL,15.26
01SHC1619ZFL,15.26
01SHC1619ZRD,15.26
01SHC1619ZWT,15.26
01SHC1620ZBK,11.62
01SHC1620ZBL,11.62
01SHC1620ZDO,11.62
01SHC1620ZRD,11.62
01SHC1623ZBK,30.52
01SHC1623ZBL,30.52
01SHC1623ZDO,30.52
01SHC1623ZPL,30.52
01SHC1623ZRD,30.52
01SHC1623ZWT,30.52
01SHC1624ZBK,28.39
01SHC1624ZBL,28.39
01SHC1624ZRD,28.39
01SHC1625ZBK,48.44
01SHC1625ZBL,48.44
01SHC1625ZRD,48.44
01SHC1627ZBK,15.05
01SHC1627ZBL,15.05
01SHC1627ZRD,15.05
01SHC1628CBK,46.98
01SHC1628CBL,46.98
01SHC1628CRD,46.98
01SHC1629ZBK,9.25
01SHC1629ZBL,9.25
01SHC1629ZRD,9.25
01SHC1630ZBK,12.24
01SHC1630ZBL,12.24
01SHC1630ZRD,12.24
01SHC1631ZBK,14.95
01SHC1631ZBL,14.95
01SHC1631ZRD,14.95
01SHC1632ZBK,14.16
01SHC1632ZBL,14.16
01SHC1632ZRD,14.16
01SHC1634ZBK,8.71
01SHC1634ZBL,8.71
01SHC1634ZRD,8.71
01SHC1635CBK,32.9
01SHC1635CBL,32.9
01SHC1638ZBK,11.61
01SHC1638ZBL,11.61
01SHC1638ZRD,11.61
01SHC1640CBK,29.03
01SHC1640CBL,29.03
01SHC1641ZBK,19.35
01SHC1641ZBL,19.35
01SHC1641ZRD,19.35
01SHC1642CBK,18.39
01SHC1642CBL,18.39
01SHC1642CRD,18.39
01SHC1661ZBK,22
01SHC1661ZBL,22
01SHC1661ZRD,22
01SHC1662ZBK,24.84
01SHC1662ZBL,24.84
01SHC1662ZRD,24.84
01SHC1663ZBK,24.84
01SHC1663ZBL,24.84
01SHC1663ZRD,24.84
01SHC1664ZBK,74.87
01SHC1664ZBL,74.87
01SHC1664ZRD,74.87
01SHC1702ABL,30.8
01SHC1702ARD,30.8
01SHC1702ZBK,44.1
01SHC1702ZBL,44.1
01SHC1702ZRD,44.1
01SHC1703ZBL,34.08
01SHC1703ZRD,34.08
01SHC1801ZBK,8.87
01SHC1801ZBL,8.87
01SHC1801ZRD,8.87
01SHC1802CBK,24
01SHC1802CBL,24
01SHC1802CDO,24
01SHC1802CFL,24
01SHC1802CGR,24
01SHC1802CPK,24
01SHC1802CPL,24
01SHC1802CRD,24
01SHC1802CWT,24
01SHC1802CYL,24
01SHC1802ZBK,8.24
01SHC1802ZBL,8.24
01SHC1802ZRD,8.24
01SHC1803CBK,26.44
01SHC1803CBL,26.44
01SHC1803CDO,26.44
01SHC1803CGR,26.44
01SHC1803CPK,26.44
01SHC1803CPL,26.44
01SHC1803CRD,26.44
01SHC1803CWT,26.44
01SHC1803CYL,26.44
01SHC1803ZBK,10.07
01SHC1803ZBL,10.07
01SHC1803ZDO,10.07
01SHC1803ZRD,10.07
01SHC1804CBK,30.52
01SHC1804CBL,30.52
01SHC1804CDO,30.52
01SHC1804CRD,30.52
01SHC1804CWT,30.52
01SHC1805ZBK,9.58
01SHC1805ZBL,9.58
01SHC1805ZDO,9.58
01SHC1805ZRD,9.58
01SHC1805ZWT,9.58
01SHC1806ZBK,33.29
01SHC1806ZBL,33.29
01SHC1806ZRD,33.29
01SHC1807ZBL,9.85
01SHC1808ZBL,34.1
01SHC1809CBL,37.74
01SHC1811ZBK,19.41
01SHC1811ZBL,19.41
01SHC1811ZRD,19.41
01SHC1861ZBK,35.48
01SHC1861ZBL,35.48
01SHC1861ZRD,35.48
01SHC1861ZWT,35.48
01SHC1862ZBK,37.61
01SHC1862ZBL,37.61
01SHC1862ZRD,37.61
01SHC1863ZBK,35.5
01SHC1863ZBL,35.5
01SHC1863ZRD,35.5
01SHC1864ZBK,11
01SHC1864ZBL,11
01SHC1864ZRD,11
01SHC1865ZBK,10.65
01SHC1865ZBL,10.65
01SHC1865ZRD,10.65
01SHC1866ZBK,26.19
01SHC1866ZBL,26.19
01SHC1866ZRD,26.19
01SHC1866ZWT,26.19
01SHC1867ZBK,24.93
01SHC1867ZBL,24.93
01SHC1867ZRD,24.93
01SHC1868ZBK,27.54
01SHC1868ZBL,27.54
01SHC1868ZRD,27.54
01SHC1869ZBK,15.35
01SHC1869ZBL,15.35
01SHC1869ZRD,15.35
01SHC1870ZBK,24.39
01SHC1870ZBL,24.39
01SHC1870ZRD,24.39
01SHC1871ABK,28.9
01SHC1871ABL,28.9
01SHC1871ARD,28.9
01SHC1871BBK,32.5
01SHC1871BBL,32.5
01SHC1871BRD,32.5
01SHC1871ZBK,32.5
01SHC1871ZBL,32.5
01SHC1871ZGR,32.5
01SHC1871ZRD,32.5
01SHC1873ZBK,9.03
01SHC1875ZBK,11.05
01SHC1875ZBL,11.05
01SHC1875ZRD,11.05
01SHC1901ZBK,12.77
01SHC1901ZBL,12.77
01SHC1901ZRD,12.77
01SHC1904ZBK,12.06
01SHC1904ZBL,12.06
01SHC1904ZDO,12.77
01SHC1904ZRD,12.06
01SHC1904ZWT,12.06
01SHC1905ZBK,8.38
01SHC1905ZBL,8.38
01SHC1905ZRD,8.38
01SHC1906ZBK,8.87
01SHC1906ZBL,8.87
01SHC1906ZDO,8.87
01SHC1906ZRD,8.87
01SHC1909ZBK,32.07
01SHC1909ZBL,32.07
01SHC1909ZRD,32.07
01SHC2001NBK,15.97
01SHC2001NBL,15.97
01SHC2001NRD,15.97
01SHC2001TBK,14.19
01SHC2001TBL,14.19
01SHC2001TRD,14.19
01SHC2001TWT,14.19
01SHC2001VBK,14.55
01SHC2001VBL,14.55
01SHC2001VDO,14.55
01SHC2001VRD,14.55
01SHC2002ZBK,13.68
01SHC2002ZBL,13.68
01SHC2002ZRD,13.68
01SHC2002ZWT,13.68
01SHC2004ZBK,8.52
01SHC2004ZBL,8.52
01SHC2004ZRD,8.52
01SHC2007ZBK,12.8
01SHC2007ZBL,12.8
01SHC2007ZDO,12.8
01SHC2007ZRD,12.8
01SHC2008ZBK,13.84
01SHC2008ZBL,13.84
01SHC2008ZDO,12.8
01SHC2008ZRD,13.84
01SHC2008ZWT,13.84
01SHC2009ZBK,12.81
01SHC2009ZBL,12.81
01SHC2009ZDO,12.81
01SHC2009ZRD,12.81
01SHC2011ZBL,13.55
01SHC2012ZBK,9.94
01SHC2012ZBL,9.94
01SHC2012ZRD,9.94
01SHC2012ZWT,9.94
01SHC2013ZBL,13.25
01SHC2014ZBK,15.97
01SHC2014ZBL,15.97
01SHC2014ZRD,15.97
01SHC2015ZBK,12.42
01SHC2015ZBL,12.42
01SHC2015ZRD,12.42
01SHC2016CBK,19.52
01SHC2016CBL,19.52
01SHC2016CRD,19.52
01SHC2016ZBK,9.58
01SHC2016ZBL,9.58
01SHC2016ZRD,9.58
01SHC2017ZBK,11
01SHC2017ZBL,11
01SHC2017ZRD,11
01SHC2018ZBK,12.06
01SHC2018ZBL,12.06
01SHC2018ZRD,12.06
01SHC2020ZBK,9.94
01SHC2020ZBL,9.94
01SHC2020ZDO,9.94
01SHC2020ZRD,9.94
01SHC2020ZWT,9.94
01SHC2031ABK,23.23
01SHC2031ABL,23.23
01SHC2037ZBK,11.25
01SHC2037ZBL,11.25
01SHC2037ZDO,11.25
01SHC2037ZRD,11.25
01SHC2039ZBK,26.32
01SHC2039ZBL,26.32
01SHC2039ZRD,26.32
01SHC2045ZBK,36.52
01SHC2045ZBL,36.52
01SHC2049ZBK,17.14
01SHC2049ZBL,17.14
01SHC2049ZRD,17.14
01SHC2050ZBK,8.52
01SHC2051ZBK,12.38
01SHC2051ZBL,12.38
01SHC2051ZRD,12.38
01SHC2052CBK,55.05
01SHC2052CBL,56.13
01SHC2054CBK,27.1
01SHC2054CBL,27.1
01SHC2054CRD,27.1
01SHC2055CBK,25.35
01SHC2055CBL,26.13
01SHC2055CRD,26.13
01SHC2056ZBK,11.23
01SHC2056ZRD,11.23
01SHC2057CBK,16.45
01SHC2057CBL,16.45
01SHC2057CRD,16.45
01SHC2058CBK,16.45
01SHC2058CBL,16.45
01SHC2058CRD,16.45
01SHC2059CBK,32.9
01SHC2059CBL,32.9
01SHC2059CRD,32.9
01SHC2061ZBK,34.77
01SHC2061ZBL,34.77
01SHC2061ZRD,34.77
01SHC2062ZBL,26.98
01SHC2063ZBK,50.03
01SHC2063ZBL,50.03
01SHC2063ZRD,50.03
01SHC2065ZBK,93.68
01SHC2065ZBL,93.68
01SHC2065ZRD,93.68
01SHC2070DBK,28.06
01SHC2070DBL,28.06
01SHC2070DRD,28.06
01SHC2201ZBK,18.1
01SHC2201ZBL,18.1
01SHC2201ZRD,18.1
01SHC2201ZWT,18.1
01SHC2203ZBK,28.03
01SHC2203ZBL,28.03
01SHC2203ZRD,28.03
01SHC2205ZBK,9.58
01SHC2205ZBL,9.58
01SHC2205ZRD,9.58
01SHC2206ZBK,39.74
01SHC2206ZBL,39.74
01SHC2206ZRD,39.74
01SHC2207ZBK,44.09
01SHC2207ZBL,44.09
01SHC2207ZRD,44.09
01SHC2207ZWT,44.09
01SHC2208ZBK,15.48
01SHC2208ZBL,15.48
01SHC2208ZDO,15.48
01SHC2208ZRD,15.48
01SHC2208ZWT,15.48
01SHC2209ZBK,12
01SHC2209ZBL,12
01SHC2209ZRD,12
01SHC2211ZBK,39.74
01SHC2211ZBL,39.74
01SHC2211ZRD,39.74
01SHC2215CBK,34.84
01SHC2218CBK,30
01SHC2218CBL,30
01SHC2219CBK,30
01SHC2219CBL,30
01SHC2219CRD,30
01SHC2252ZBK,49.91
01SHC2252ZBL,49.91
01SHC2252ZDO,49.91
01SHC2252ZRD,49.91
01SHC2255CBK,61.29
01SHC2262ZBK,6.77
01SHC2262ZBL,6.77
01SHC2262ZRD,6.77
01SHC2362ZBK,31.6
01SHC2362ZBL,31.6
01SHC2362ZRD,31.6
01SHC2363ZBK,12.7
01SHC2363ZBL,12.7
01SHC2405ZBK,12.58
01SHC2405ZBL,12.58
01SHC2405ZRD,12.58
01SHC2406ZBK,10.65
01SHC2406ZBL,10.65
01SHC2406ZRD,10.65
01SHC2407CBK,38.71
01SHC2407CBL,38.71
01SHC2407CRD,38.71
01SHC2501ZBL,18.97
01SHC2501ZRD,18.97
01SHC2502ZBK,9.58
01SHC2502ZBL,9.58
01SHC2502ZRD,9.58
01SHC2503ZBK,14.9
01SHC2503ZBL,14.9
01SHC2503ZRD,14.9
01SHC2504ZBK,38.32
01SHC2504ZBL,38.32
01SHC2504ZRD,38.32
01SHC2505ZBK,13.2
01SHC2505ZBL,13.2
01SHC2505ZRD,13.2
01SHC2506ZBK,30.52
01SHC2506ZBL,30.52
01SHC2506ZRD,30.52
01SHC2561ZBL,24.39
01SHC2561ZRD,24.39
01SHC2565ZBK,24.19
01SHC2565ZBL,24.19
01SHC2565ZRD,24.19
01SHC2602CBK,20.32
01SHC2602CBL,20.32
01SHC2602CRD,20.32
01SHC2662ZBK,24.39
01SHC2662ZBL,24.39
01SHC2662ZRD,24.39
01SHC2663ZBK,10.29
01SHC2663ZBL,10.29
01SHC2663ZRD,10.29
01SHC2664ZBK,15.9
01SHC2664ZBL,15.9
01SHC2664ZDO,15.9
01SHC2664ZRD,15.9
01SHC2701ZBK,42.05
01SHC2701ZBL,42.05
01SHC2701ZRD,42.05
01SHC2702ZBK,18.92
01SHC2702ZBL,18.92
01SHC2702ZRD,18.92
01SHC2801ZBK,71.68
01SHC2801ZBL,71.68
01SHC2801ZRD,71.68
01SHC2803CBK,24.39
01SHC2803CBL,24.39
01SHC2803CRD,24.39
01SHC2861ZBK,30.29
01SHC2861ZBL,30.29
01SHC2861ZDO,30.29
01SHC2861ZRD,30.29
01SHC2961ZBL,30.29
01SHC2963ZBL,39.74
01SHC2963ZRD,39.74
01SHC2964ZBL,24.03
01SHC2964ZRD,24.03
01SHC3001CBK,29.03
01SHC3001CBL,29.03
01SHC3001CRD,29.03
01SHC3002CBK,29.03
01SHC3002CBL,29.03
01SHC3002CRD,29.03
01SHC3003CBL,29.68
01SHC3003CRD,29.68
01SHC3004CBL,36.13
01SHC3004CRD,36.13
01SHC3005CBK,30
01SHC3005CBL,30
01SHC3005CRD,30
01SHC3006CBK,23.23
01SHC3006CBL,23.23
01SHC3006CRD,23.23
01SHC3007CBL,38.39
01SHC3007CRD,38.39
01SHC3008CBL,37.42
01SHC3008CRD,37.42
01SHC3009CBK,28.06
01SHC3009CBL,28.06
01SHC3009CRD,28.06
01SHC3061ZBK,7.31
01SHC3061ZBL,7.31
01SHC3061ZRD,7.31
01SHC3061ZWT,7.31
01SHC3062ZBK,42.58
01SHC3062ZBL,42.58
01SHC3062ZRD,42.58
01SHC3101ZBK,10.65
01SHC3101ZBL,10.65
01SHC3101ZRD,10.65
01SHC3201ZBK,26.79
01SHC3201ZBL,26.79
01SHC3201ZDO,26.79
01SHC3201ZRD,26.79
01SHC3201ZWT,26.79
01SHC3402ZBK,21.11
01SHC3402ZBL,21.11
01SHC3402ZRD,21.11
01SHC3501ZBK,9.52
01SHC3501ZBL,9.52
01SHC3501ZRD,9.52
01SHC3901ZBK,19.35
01SHC3901ZBL,19.35
01SHC3901ZRD,19.35
01shc3901zwt,19.35
01SHC3902ZBK,15.9
01SHC3902ZBL,15.9
01SHC3902ZGR,15.9
01SHC3902ZRD,15.9
01SHC3902ZWT,15.9
01SHC3903ZBK,18.35
01SHC3903ZBL,18.35
01SHC3903ZFL,18.35
01SHC3903ZRD,18.35
01SHC3904CBK,25.94
01SHC3904CBL,25.94
01SHC3904CRD,25.94
01SHC3904ZBK,15.48
01SHC3904ZBL,15.48
01SHC3904ZRD,15.48
01SHC4001ZBK,7.74
01SHC4001ZBL,7.74
01SHC4001ZRD,7.74
01SHC4108ZBL,15.87
01SHC4108ZRD,15.87
01SHC4301ZBK,23.46
01SHC4301ZBL,23.46
01SHC4301ZRD,23.46
01SHC4401ZBK,17.06
01SHC4401ZBL,17.06
01SHC4401ZRD,17.06
01SHC4501ZBK,16.98
01SHC4501ZBL,16.98
01SHC4501ZOR,16.98
01SHC4501ZPK,16.98
01SHC4501ZRD,16.98
01SHC4502ZBK,12.68
01SHC4502ZBL,12.68
01SHC4502ZRD,12.68
01SHC4503CBK,33.87
01SHC4503CBL,33.87
01SHC4503CRD,33.87
01SHC4503ZBK,21.67
01SHC4503ZBL,21.67
01SHC4503ZRD,21.67
01SHC4504ZBK,18.48
01SHC4504ZBL,18.48
01SHC4504ZDO,18.48
01SHC4504ZRD,18.48
01SHC4505ZBK,24.57
01SHC4505ZBL,24.57
01SHC4505ZRD,24.57
01SHC4506ZBK,16.53
01SHC4506ZBL,16.53
01SHC4506ZRD,16.53
01SHC4507ZBK,23.22
01SHC4507ZBL,23.22
01SHC4507ZRD,23.22
01SHC4508ZBK,22.09
01SHC4508ZBL,22.09
01SHC4508ZRD,22.09
01SHC4509ZBK,19.35
01SHC4509ZBL,19.35
01SHC4509ZGR,19.35
01SHC4509ZRD,19.35
01SHC4510ZBK,11.8
01SHC4510ZBL,11.8
01SHC4510ZRD,11.8
01SHC4511ZBK,18.67
01SHC4511ZBL,18.67
01SHC4511ZRD,18.67
01SHC4512CRD,44.84
01SHC4561ZBK,18.58
01SHC4561ZBL,18.58
01SHC4561ZRD,18.58
01SHC4601ZBK,16.55
01SHC4601ZBL,16.55
01SHC4601ZRD,16.55
01SHC4602ZBK,17.71
01SHC4602ZBL,17.71
01SHC4602ZRD,17.71
01SHC4603ZBK,18.99
01SHC4603ZBL,18.99
01SHC4603ZRD,18.99
01SHC4604ZBK,15.3
01SHC4604ZBL,15.3
01SHC4701ZBK,12.58
01SHC4701ZBL,12.58
01SHC4701ZRD,12.58
01SHC4702ZBK,13.28
01SHC4702ZBL,13.28
01SHC4702ZRD,13.28
01SHC4703ZBK,13.88
01SHC4703ZBL,13.88
01SHC4703ZRD,13.88
01SHC4801ZBK,15.74
01SHC4801ZBL,15.74
01SHC4801ZFL,15.74
01SHC4801ZRD,15.74
01SHC4901ZBK,14.52
01SHC4901ZBL,14.52
01SHC4901ZRD,14.52
01SHC5008ZBK,13.55
01SHC5008ZBL,13.55
01SHC5008ZRD,13.55
01SHE0013BBK,1.34
01SHE0013BBL,1.34
01SHE0016ABK,1.4
01SHE0016ABL,1.4
01SHE0016ARD,1.4
01SHE0016BBK,1.45
01SHE0016BBL,1.45
01SHE0016BRD,1.45
01SHE0019BBK,1.73
01SHE0019BBL,1.73
01SHE0019BRD,1.73
01SHE0022BBL,1.69
01SHE0025ABK,1.81
01SHE0025ABL,1.81
01SHE0025ARD,1.81
01SHE0025BBK,1.86
01SHE0025BBL,1.86
01SHE0025BRD,1.86
01SHE0025BWT,1.86
01SHE0025DBK,2.84
01SHE0025DBL,2.84
01SHE0025DRD,2.84
01SHE0030ABK,2.1
01SHE0030ABL,2.1
01SHE0030ARD,2.1
01SHE0030BBK,2.23
01SHE0030BBL,2.23
01SHE0030BRD,2.23
01SHE0035ABK,2.56
01SHE0035ABL,2.56
01SHE0035ARD,2.56
01SHE0035BBK,2.56
01SHE0035BBL,2.56
01SHE0035BRD,2.56
01SHE0035DRD,2.84
01SHE0038ABK,2.75
01SHE0038ABL,2.75
01SHE0038ARD,2.75
01SHE0038BBK,2.64
01SHE0038BBL,2.64
01SHE0038BRD,2.64
01SHE0038DBK,3.66
01SHE0038DBL,3.66
01SHE0038DRD,3.66
01SHE0040ABK,2.9
01SHE0040ABL,2.9
01SHE0040ARD,2.9
01SHE0040BBK,2.77
01SHE0040BBL,2.77
01SHE0040BRD,2.77
01SHE0045ABK,3.27
01SHE0045ABL,3.27
01SHE0045ARD,3.27
01SHE0045BBK,3.11
01SHE0045BBL,3.12
01SHE0045BRD,3.12
01SHE0045DBK,4.14
01SHE0045DBL,4.14
01SHE0045DRD,4.14
01SHE0050ABK,3.7
01SHE0050ABL,3.7
01SHE0050ARD,3.7
01SHE0050BBK,3.62
01SHE0050BBL,3.62
01SHE0050BRD,3.62
01SHE0050DBK,4.7
01SHE0050DBL,4.7
01SHE0050DRD,4.7
01SHE0051ABK,3.92
01SHE0051ABL,3.92
01SHE0051ARD,3.92
01SHE0051BBK,3.9
01SHE0051BBL,3.9
01SHE0051BRD,3.9
01SHE0054ABK,3.92
01SHE0054ABL,3.92
01SHE0054ARD,3.92
01SHE0054BBK,3.92
01SHE0054BBL,3.92
01SHE0054BRD,3.92
01SHE0055BBK,3.9
01SHE0055BBL,3.9
01SHE0055BRD,3.9
01SHE0055DBK,4.94
01SHE0055DBL,4.94
01SHE0055DRD,4.94
01SHE0057ABK,4.05
01SHE0057ABL,4.05
01SHE0057ARD,4.05
01SHE0057BBK,3.8
01SHE0057BBL,3.8
01SHE0057BRD,3.8
01SHE0057DBK,5.11
01SHE0057DBL,5.11
01SHE0057DRD,5.11
01SHE0060ABK,4.36
01SHE0060ABL,4.36
01SHE0060ARD,4.36
01SHE0060BBK,4.01
01SHE0060BBL,4.01
01SHE0060BRD,4.01
01SHE0060DBK,5.31
01SHE0060DBL,5.31
01SHE0060DRD,5.31
01SHE0063ABK,4.57
01SHE0063ABL,4.57
01SHE0063BBK,4.29
01SHE0063BBL,4.29
01SHE0064ABK,4.57
01SHE0064ABL,4.57
01SHE0064ARD,4.57
01SHE0064AYL,4.57
01SHE0064BBK,4.29
01SHE0064BBL,4.29
01SHE0064BRD,4.29
01SHE0064DBK,5.96
01SHE0064DBL,5.96
01SHE0064DRD,5.96
01SHE0068ABK,4.85
01SHE0068ABL,4.85
01SHE0068ARD,4.85
01SHE0068BBK,4.56
01SHE0068BBL,4.56
01SHE0068BRD,4.56
01SHE0068DBK,6.3
01SHE0068DBL,6.3
01SHE0068DRD,6.3
01SHE0070ABK,5.08
01SHE0070ABL,5.08
01SHE0070ARD,5.08
01SHE0070BBK,4.7
01SHE0070BBL,4.7
01SHE0070BRD,4.7
01SHE0070DBK,7.15
01SHE0070DBL,7.15
01SHE0070DRD,7.15
01SHE0076ABK,5.4
01SHE0076ABL,5.4
01SHE0076ARD,5.4
01SHE0076BBK,5.01
01SHE0076BBL,5.01
01SHE0076BRD,5.01
01SHE0076DBK,6.64
01SHE0076DBL,6.64
01SHE0076DRD,6.64
01SHE0076EBK,15.48
01SHE0080ABK,5.7
01SHE0080ABL,5.69
01SHE0080ARD,5.69
01SHE0080BBK,5.26
01SHE0080BBL,5.26
01SHE0080BRD,5.26
01SHE0080DBK,7.66
01SHE0080DBL,7.66
01SHE0080DRD,7.66
01SHE0083ABK,5.91
01SHE0083ABL,5.91
01SHE0083ARD,5.91
01SHE0083BBK,5.56
01SHE0083BBL,5.56
01SHE0083BRD,5.56
01SHE0089ABK,6.33
01SHE0089ABL,6.33
01SHE0089ARD,6.33
01SHE0089BBK,5.96
01SHE0089BBL,5.96
01SHE0089BRD,5.96
01SHE0089DBK,8.69
01SHE0089DBL,8.69
01SHE0089DRD,8.69
01SHE0095ABK,6.74
01SHE0095ABL,6.74
01SHE0095ARD,6.74
01SHE0095BBK,6.43
01SHE0095BBL,6.43
01SHE0095BRD,6.43
01SHE0095DBK,9.2
01SHE0095DBL,9.2
01SHE0095DRD,9.2
01SHE0102ABK,7.15
01SHE0102ABL,7.15
01SHE0102ARD,7.15
01SHE0102BBK,6.83
01SHE0102BBL,6.83
01SHE0102BRD,6.83
01SHE0102DBK,10.22
01SHE0102DBL,10.22
01SHE0102DRD,10.22
01SHE0114ABK,8.11
01SHE0114ABL,8.11
01SHE0114ARD,8.11
01SHE0114DBK,11.24
01SHE0114DBL,11.24
01SHE0114DRD,11.24
01SHE0127BBK,8.5
01SHE0127BBL,8.5
01SHE0127BRD,8.5
01SHE0A0BBBK,7.66
01SHE0A0BBBL,7.66
01SHE0A0BBRD,7.66
01SHE3851ABK,2.98
01SHE3851ABL,2.98
01SHE3851ARD,2.98
01SHE3851BBK,2.9
01SHE3851BBL,2.9
01SHE3851BRD,2.9
01SHE5157ABK,4.05
01SHE5157ABL,4.05
01SHE5157ARD,4.05
01SHE5157BBK,3.99
01SHE5157BBL,3.99
01SHE5157BRD,3.99
01SHE5160ABK,4.14
01SHE5160ABL,4.14
01SHE5160ARD,4.14
01SHE5163ABL,4.29
01SHE5163BBL,4.09
01SHE5164ABK,4.29
01SHE5164ABL,4.29
01SHE5164ARD,4.29
01SHE5164BBK,4.09
01SHE5164BBL,4.09
01SHE5164BRD,4.09
01SHE5170ABK,4.68
01SHE5170ABL,4.68
01SHE5170ARD,4.68
01SHE5170BBK,4.25
01SHE5170BBL,4.25
01SHE5170BRD,4.25
01SHE5176ABK,4.96
01SHE5176ABL,4.96
01SHE5176ARD,4.96
01SHE5176BBK,4.23
01SHE5176BBL,4.23
01SHE5176BRD,4.23
01SHE5763ABK,4.58
01SHE5763BBK,4.19
01SHE5763BBL,4.19
01SHE5764ABK,4.58
01SHE5764ABL,4.58
01SHE5764ARD,4.58
01SHE5764BBK,4.19
01SHE5764BBL,4.19
01SHE5764BRD,4.19
01SHE5770ABK,4.6
01SHE5770ABL,4.6
01SHE5770ARD,4.6
01SHE5776ABK,5.21
01SHE5776ABL,5.21
01SHE5776ARD,5.21
01SHE6070ABK,4.77
01SHE6070ABL,4.77
01SHE6070ARD,4.77
01SHE6089ABK,4.99
01SHE6089ABL,4.99
01SHE6089ARD,4.99
01SHE630ABBL,5.81
01SHE6376ABK,4.5
01SHE6376ABL,4.5
01SHE6376ARD,4.5
01SHE6470ABK,4.7
01SHE6470ABL,4.7
01SHE6470ARD,4.7
01SHE6470BBK,4.5
01SHE6470BBL,4.5
01SHE6470BRD,4.5
01SHE6476ABK,4.5
01SHE6476ABL,4.8
01SHE6476ARD,4.8
01SHE6476BBK,4.5
01SHE6476BBL,4.5
01SHE6476BRD,4.5
01SHE6480ABK,5.26
01SHE6480ABL,5.26
01SHE6480ARD,5.26
01SHE6483ABK,5.56
01SHE6483ABL,5.56
01SHE6483ARD,5.56
01SHE6489ABK,5.96
01SHE6489ABL,5.96
01SHE6489ARD,5.96
01SHE6495BBK,5.79
01SHE6495BBL,5.79
01SHE6495BRD,5.79
01SHE7076ABK,4.77
01SHE7076ABL,4.77
01SHE7076ARD,4.77
01SHE7076BBK,4.77
01SHE7076BBL,4.77
01SHE7076BPL,4.77
01SHE7076BRD,4.77
01SHE7080ABK,5.69
01SHE7080ABL,5.69
01SHE7080ARD,5.69
01SHE7080BBK,5.02
01SHE7080BBL,5.02
01SHE7080BRD,5.02
01SHE7084BBK,5.12
01SHE760AABK,6.22
01SHE760AABL,6.22
01SHE760AARD,6.22
01SHE760ABBK,6.22
01SHE760ABBL,6.22
01SHE760ABRD,6.22
01SHE7680BRD,5.26
01SHE7683ABL,5.26
01SHE7683BBK,5.26
01SHE7683BBL,5.26
01SHE7683BRD,5.26
01SHE7689ABK,6.05
01SHE7689ABL,6.05
01SHE7689ARD,6.05
01SHE7689BBK,5.79
01SHE7689BBL,5.79
01SHE7689BRD,5.79
01SHE8090ABK,5.96
01SHE8090ABL,5.96
01SHE8090ARD,5.96
01SHE830AABK,6.47
01SHE830AABL,6.47
01SHE830AARD,6.47
01SHE8389ABK,5.99
01SHE8389ABL,5.99
01SHE8389ARD,5.99
01SHE890AABK,6.61
01SHE890AABL,6.61
01SHE890AARD,6.61
01SHE890ABBK,6.61
01SHE890ABBL,6.61
01SHE890ABRD,6.61
01SHH0038ABK,1.45
01SHH0038ABL,1.45
01SHH0038ARD,1.45
01SHH0040ABK,1.51
01SHH0040ABL,1.51
01SHH0040ARD,1.51
01SHH0045ABK,1.7
01SHH0045ABL,1.7
01SHH0045ARD,1.7
01SHH0051ABK,1.99
01SHH0051ABL,1.99
01SHH0051ARD,1.99
01SHH0055ABK,2.09
01SHH0055ABL,2.09
01SHH0055ARD,2.09
01SHH0057ABK,2.18
01SHH0057ABL,2.18
01SHH0057ARD,2.18
01SHH0057BBL,3.54
01SHH0060ABK,2.21
01SHH0060ABL,2.21
01SHH0060ARD,2.21
01SHH0063ABL,2.37
01SHH0063ARD,2.37
01SHH0064ABK,2.37
01SHH0064ABL,2.37
01SHH0064ARD,2.37
01SHH0068ABK,2.49
01SHH0068ABL,2.49
01SHH0068ARD,2.49
01SHH0070ABK,2.56
01SHH0070ABL,2.56
01SHH0070ARD,2.56
01SHH0076ABK,2.66
01SHH0076ABL,2.66
01SHH0076ARD,2.66
01SHH0080ABK,2.86
01SHH0080ABL,2.86
01SHH0080ARD,2.86
01SHH0083ABK,3.01
01SHH0083ABL,3.01
01SHH0083ARD,3.01
01SHH0089ABK,3.29
01SHH0089ABL,3.29
01SHH0089ARD,3.29
01SHH0095ABK,3.41
01SHH0095ABL,3.41
01SHH0095ARD,3.41
01SHH0102ABK,3.58
01SHH0102ABL,3.58
01SHH0102ARD,3.58
01SHH6470ABK,2.78
01SHH6470ABL,2.78
01SHH6476ABK,2.89
01SHH7080ABK,3.1
01SHR0A0EZBK,3.33
01SHR0A0EZBL,3.33
01SHR0A0EZRD,3.33
01SHR3845ZBK,1.29
01SHR3845ZBL,1.29
01SHR3845ZRD,1.29
01SHR3851ZBK,1.29
01SHR3851ZBL,1.29
01SHR3851ZRD,1.29
01SHR4551ZBK,1.56
01SHR4551ZBL,1.56
01SHR4551ZRD,1.56
01SHR5157ZBK,1.73
01SHR5157ZBL,1.73
01SHR5157ZRD,1.73
01SHR5160ZBK,1.76
01SHR5160ZBL,1.76
01SHR5160ZRD,1.76
01SHR5163ZBK,1.81
01SHR5163ZBL,1.81
01SHR5163ZRD,1.81
01SHR5163ZYL,1.81
01SHR5164ZBK,1.81
01SHR5164ZBL,1.81
01SHR5164ZRD,1.81
01SHR5170ZBK,1.9
01SHR5170ZBL,1.9
01SHR5170ZRD,1.9
01SHR5176ZBK,2
01SHR5176ZBL,2
01SHR5176ZRD,2
01SHR5760ZBK,1.84
01SHR5760ZBL,1.84
01SHR5760ZRD,1.84
01SHR5763ZBL,1.73
01SHR5764ZBK,1.9
01SHR5764ZBL,1.9
01SHR5764ZRD,1.9
01SHR5770ZBK,2
01SHR5770ZBL,2
01SHR5770ZRD,2
01SHR5776ZBK,2.1
01SHR5776ZBL,2.1
01SHR5776ZRD,2.1
01SHR6070ZBK,2.04
01SHR6070ZBL,2.04
01SHR6070ZRD,2.04
01SHR630AZBK,2.54
01SHR630AZBL,2.54
01SHR630AZRD,2.54
01SHR6376ZBK,2.25
01SHR6376ZBL,2.25
01SHR6376ZRD,2.25
01SHR6383ZBK,2.27
01SHR6383ZBL,2.27
01SHR6383ZRD,2.27
01SHR6389ZRD,2.19
01SHR6470ZBK,2.14
01SHR6470ZBL,2.14
01SHR6470ZRD,2.14
01SHR6476ZBK,2.25
01SHR6476ZBL,2.25
01SHR6476ZRD,2.25
01SHR6480ZBK,2.28
01SHR6480ZBL,2.28
01SHR6480ZRD,2.28
01SHR7076ZBK,2.29
01SHR7076ZBL,2.29
01SHR7076ZRD,2.29
01SHR7080ZBK,2.32
01SHR7080ZBL,2.32
01SHR7080ZRD,2.32
01SHR7083ZBK,2.44
01SHR7083ZBL,2.44
01SHR7083ZRD,2.44
01SHR760AZBK,2.72
01SHR760AZBL,2.72
01SHR760AZPL,2.72
01SHR760AZRD,2.72
01SHR7680ZBK,2.25
01SHR7680ZBL,2.25
01SHR7680ZRD,2.25
01SHR7683ZBK,2.33
01SHR7683ZBL,2.33
01SHR7683ZGR,2.33
01SHR7683ZRD,2.33
01SHR7689ZBK,2.43
01SHR7689ZBL,2.43
01SHR7689ZRD,2.43
01SHR8090ZBK,2.49
01SHR8090ZBL,2.49
01SHR8090ZRD,2.49
01SHR8389ZBK,2.51975
01SHR8389ZBL,2.52
01SHR8389ZRD,2.52
01SHR890AZBK,2.74
01SHR890AZBL,2.74
01SHR890AZRD,2.74
01SHS0032ZBL,0.89
01SHS0038ZBK,0.86
01SHS0038ZBL,0.86
01SHS0038ZRD,0.86
01SHS0040ZBK,2.9
01SHS0040ZBL,2.9
01SHS0040ZRD,2.9
01SHS0045ZBK,1.05
01SHS0045ZBL,1.05
01SHS0045ZRD,1.05
01SHS0048ZBK,1.08
01SHS0048ZBL,1.08
01SHS0048ZRD,1.08
01SHS0050ZBK,1.13
01SHS0050ZRD,1.13
01SHS0051ZBK,1.13
01SHS0051ZBL,1.13
01SHS0051ZRD,1.13
01SHS0055ZBK,1.23
01SHS0055ZBL,1.23
01SHS0055ZRD,1.23
01SHS0057ZBK,1.29
01SHS0057ZBL,1.29
01SHS0057ZRD,1.29
01SHS0060ZBK,1.35
01SHS0060ZBL,1.35
01SHS0060ZRD,1.35
01SHS0063ZBK,1.39
01SHS0063ZBL,1.39
01SHS0063ZRD,1.39
01SHS0065ZBK,2.37
01SHS0065ZBL,2.37
01SHS0065ZRD,2.37
01SHS0068ZBK,2.48
01SHS0068ZBL,2.48
01SHS0068ZRD,2.48
01SHS0070ZBK,1.55
01SHS0070ZBL,1.55
01SHS0070ZRD,1.55
01SHS0076ZBK,1.68
01SHS0076ZBL,1.68
01SHS0076ZRD,1.68
01SHS0080ZBK,1.78
01SHS0080ZBL,1.78
01SHS0080ZRD,1.78
01SHS0083ZBK,1.84
01SHS0083ZBL,1.84
01SHS0083ZRD,1.84
01SHS0089ZBK,1.96
01SHS0089ZBL,1.96
01SHS0089ZRD,1.96
01SHS0095ZBK,2.12
01SHS0095ZBL,2.12
01SHS0095ZRD,2.12
01SHS0102ZBK,2.24
01SHS0102ZBL,2.24
01SHS0102ZRD,2.24
01SHS0114ZBK,2.49
01SHS0114ZBL,2.49
01SHS0114ZRD,2.49
01SHS0127ZBK,2.78
01SHS0127ZBL,2.78
01SHS0127ZRD,2.78
01SHS1006ZBK,2.24
01SHS1006ZBL,2.24
01SHS1006ZRD,2.24
01SHS1007ZBK,2.24
01SHS1007ZBL,3.24
01SHS1007ZRD,3.24
01SHS1008ZBK,3.46
01SHS1008ZBL,3.46
01SHS1008ZRD,3.46
01SHS1009ZBK,3.68
01SHS1009ZBL,3.68
01SHS1009ZRD,3.68
01SHS1010ZBK,3.92
01SHS1010ZBL,3.92
01SHS1010ZRD,3.92
01SHS1011ZBK,4
01SHS1011ZBL,4
01SHS1011ZRD,4
01SHS1012ZBK,5.28
01SHS1012ZBL,5.28
01SHS1012ZRD,5.28
01SHS1013ZBK,5.4
01SHS1013ZBL,5.4
01SHS1013ZRD,5.4
01SHS1014ZBK,5.5
01SHS1015ZBL,6.19
01SHS1016ZBK,5.52
01SHS1016ZBL,5.52
01SHS1016ZGR,5.52
01SHS1016ZRD,5.52
01SHS1018ZBK,8.52
01SHS1018ZBL,8.52
01SHS1019ZBK,6.28
01SHS1019ZBL,6.28
01SHS1019ZRD,6.28
01SHS1019ZYL,6.28
01SHS1022ZBK,7.51
01SHS1022ZBL,7.51
01SHS1022ZRD,7.51
01SHS1025ZBK,8.23
01SHS1025ZBL,8.23
01SHS1025ZDO,8.23
01SHS1025ZRD,8.23
01SHS1028ZBK,9.07
01SHS1028ZBL,9.07
01SHS1028ZRD,9.07
01SHS1030ZBK,9.63
01SHS1030ZBL,9.63
01SHS1030ZRD,9.63
01SHS1032ZBK,10
01SHS1032ZBL,10
01SHS1032ZRD,10
01SHS1035ZBK,10.48
01SHS1035ZBL,10.48
01SHS1035ZRD,10.48
01SHS1038ZBK,11.85
01SHS1038ZBL,11.85
01SHS1038ZRD,11.85
01SHS1040ZBK,12.2
01SHS1040ZBL,12.2
01SHS1040ZRD,12.2
01SHS1041ZBK,13
01SHS1045ZBK,13.79
01SHS1045ZBL,13.79
01SHS1045ZRD,13.79
01SHS1048ZBK,14.65
01SHS1048ZBL,14.65
01SHS1048ZRD,14.65
01SHS1050ZBK,14.65
01SHS1050ZRD,14.65
01SHS1051ZBK,15.25
01SHS1051ZBL,15.25
01SHS1051ZRD,15.25
01SHS1054ZBK,15.95
01SHS1054ZBL,15.95
01SHS1054ZRD,15.95
01SHS1055ZBK,16.1
01SHS1055ZBL,16.1
01SHS1055ZRD,16.1
01SHS1057ZBK,16.86
01SHS1057ZBL,16.86
01SHS1057ZRD,16.86
01SHS1058ZBK,16.86
01SHS1060ZBK,17.63
01SHS1060ZBL,17.63
01SHS1060ZRD,17.63
01SHS1063ZBK,17.63
01SHS1063ZBL,18.54
01SHS1063ZRD,18.54
01SHS1064ZBK,18.54
01SHS1064ZBL,18.54
01SHS1064ZRD,18.54
01SHS1068ZBK,21.95
01SHS1068ZBL,21.95
01SHS1068ZRD,21.95
01SHS1070ZBK,22.58
01SHS1070ZBL,22.58
01SHS1070ZRD,22.58
01SHS1076ZBK,23.16
01SHS1076ZBL,23.16
01SHS1076ZRD,23.16
01SHS1080ZRD,25.3
01SHS1083ZBK,27.08
01SHS1083ZBL,27.08
01SHS1083ZRD,27.08
01SHS1089ZBK,27.08
01SHS1089ZBL,27.08
01SHS1089ZRD,27.08
01SHS1095ZBK,27.59
01SHS1095ZBL,27.59
01SHS1095ZRD,27.59
01SHS1102ZBK,29.63
01SHS1102ZBL,29.63
01SHS1102ZRD,29.63
01SHS1114ZRD,35.52
01SHS1127ZRD,36.3
01SHS1152ZBK,50.32
01SHT5125ZBL,3
01SHT5125ZRD,3
01SHT5135ZBL,2.99
01SHT5135ZRD,2.99
01SHT6025ZBL,3.5
01SHT6035ZBL,3.5
01SHT6325ZBL,3.45
01SHT6335ZBL,3.45
01SHT7025ZBL,3.74
01SHT7035ZBL,3.74
01SHT7625ZBL,3.91
01SHT7625ZRD,3.91
01SHT7635ZBL,3.91
01SHV0001CBK,4.87
01SHV0001CBL,4.87
01SHV0001CRD,4.87
01SHV0307ABK,0.72
01SHV0307ABL,0.72
01SHV0409ABL,1
01SHV0510ABK,1.16
01SHV0510ABL,1.16
01SHV0611ABL,1.2
01SHV0612ABK,1.45
01SHV0612ABL,1.45
01SHV0814ABL,1.35
01SHV1623ABK,4.18
01SHV1623ABL,4.18
02ARA1070ASL,32.91
02ARA1071ASL,41.25
02ARA2701ASL,42.24
02ARA4501ASL,70.15
02ARA4502ASL,77.61
02ARA4503ASL,62.5
02ARA4504ASL,73.88
02ARA4505ASL,71.04
02ARA4507ASL,71.64
02ARA4508ASL,68.21
02ARA4509ASL,71.19
02ARA4510ASL,50.75
02ARA4511ASL,77.76
02ARA4512ASL,50
02ARA4513ASL,57
02ARA4514ASL,64
02ARA4515ASL,58
02ARA4516ASL,55
02ARA4517ASL,60
02ARA8101ASL,54
02ARA8105ASL,24.18
02ARA8106ASL,50.45
02ARA8107ASL,61.19
02ARA8108ASL,60
02ARA8109ASL,59
02ARA8204ASL,65
02ARA8206ASL,68
02ARA8207ASL,90.32
02ARA8208ASL,55.52
02ARA8209ASL,71.79
02ARA8210ASL,95
02ARA8211ASL,80.45
02ARA8211BSL,86
02ARA8212ASL,70
02ARA8213ASL,74.18
02ARA8214ASL,73.13
02ARA8216ASL,109.7
02ARA8217ASL,84.78
02ARA8218ASL,59
02ARA8219ASL,73.58
02ARA8220ASL,78.36
02ARA8221ASL,102.99
02ARA8222ASL,79.4
02ARA8223ASL,73.88
02ARA8224ASL,82
02ARA8225ASL,88
02ARA8226ASL,73
02ARA8227ASL,56
02ARA8303ASL,66.84
02ARA8303RSL,32.69
02ARA8303SSL,29.7
02ARA8303XSL,37.9
02ARA8304ASL,83.1
02ARA8304BSL,32.69
02ARA8304SSL,29.7
02ARA8304XSL,37.9
02ARA8305ASL,47.87096774
02ARA8314ASL,54
02ARA8316ASL,60
02ARA8405ASL,90.32
02ARA8406ASL,51
02ARA8507ASL,56
02ARA8604BSL,55.82
02ARA8605ASL,68
02ARA8803ASL,58
02ARA8806ASL,58.81
02ARA8902ASL,35
02ARA9005ASL,90.32
02ARA9013ASL,56.27
02ARA9014ASL,68.51
02ARA9015ASL,50
02ARA9016ASL,35
02ARA9101ASL,68
02ARA9102ASL,43
02ARA9202ASL,58.7
02ARA9203ASL,64.63
02ARA9204ASL,70
02ARA9205ASL,57.01
02ARA9206ASL,51.04
02ARA9207ASL,50
02ARA9301ASL,38.36
02ARA9401ASL,109
02ARA9501ASL,72.39
02ARA9502ASL,74.03
02ARA9601ASL,119.1
02ARA9602ASL,108.81
02ARA9701ASL,84
02CSA0002ABK,10.07
02CSA0002ARD,10.07
02CSA0002ASL,10.07
02CSA0002BBK,10.07
02CSA0002BRD,10.07
02CSA0002BSL,10.07
02CSA0004BCO,12.4852
02CSA0005BBK,5.42
02CSA0006ABK,13.55
02CSA0006ARD,13.55
02CSA0006ASL,13.55
02CSA0006BBK,13.55
02CSA0006BRD,13.55
02CSA0006BSL,13.55
02CSA0007ABK,13.91
02CSA0007ARD,13.91
02CSA0007ASL,13.91
02CSA0007BBK,13.91
02CSA0007BRD,13.91
02CSA0007BSL,13.91
02CSA0008ABK,13.55
02CSA0008ARD,13.55
02CSA0008ASL,13.55
02CSA0008BBK,13.55
02CSA0008BRD,13.55
02CSA0008BSL,13.55
02CSA0009ABK,13.55
02CSA0009ARD,13.55
02CSA0009ASL,13.55
02CSA0009BBK,13.55
02CSA0009BRD,13.55
02CSA0009BSL,13.55
02CSA0010ABK,13.55
02CSA0010ARD,13.55
02CSA0010ASL,13.55
02CSA0010BBK,13.55
02CSA0010BRD,13.55
02CSA0010BSL,13.55
02CSA0011ABK,13.55
02CSA0011ARD,13.55
02CSA0011ASL,13.55
02CSA0011BBK,13.55
02CSA0011BRD,13.55
02CSA0011BSL,13.55
02CSA0012ASL,5.42
02CSA0016ACL,12.8525
02CSA0016BCL,12.8525
02CSA0017ACL,
02CSA0017BCL,
02CSA0018ARD,7.16066
02CSA0018BRD,7.16066
02CSB1109ARD,24.1935
02CSB1301ARD,25.5996
02CSB1303ARD,
02CSB1303ZBL,18.3607
02CSB1303ZRD,18.3607
02CSB1312ARD,18.3607
02CSB1408ARD,27.5
02CSB1501ARD,23.83
02CSB1501BBL,14.66
02CSB1612ARD,23.83
02CSB1619ARD,27.5
02CSB1619BRD,14.5161
02CSB1619CBL,23.83
02CSB1619DRD,25.66
02CSB1619EBL,27.5
02CSB1619FBL,14.66
02CSB1619GRD,25.66
02CSC1101ASL,25.07
02CSC1201ARD,13.37
02CSC1202ARD,16.72
02CSC1203ARD,8.36
02CSC1204ARD,6.69
02CSC1301BBK,8.25
02CSC1301BBL,8.25
02CSC1301BGD,8.25
02CSC1301BPL,8.25
02CSC1301BRD,8.25
02CSC1301BSL,8.25
02CSC1302ABL,22.03
02CSC1302AGD,22.03
02CSC1302ARD,22.03
02CSC1302ASL,22.03
02CSC1302BBK,8.25
02CSC1302BBL,8.25
02CSC1302BGD,8.25
02CSC1302BPL,8.25
02CSC1302BRD,8.25
02CSC1302BSL,8.25
02CSC1303ABL,22.03
02CSC1303AGD,22.03
02CSC1303ARD,22.03
02CSC1303ASL,22.03
02CSC1303BBK,8.25
02CSC1303BBL,8.25
02CSC1303BGD,8.25
02CSC1303BPL,8.25
02CSC1303CBK,8.25
02CSC1303CBL,8.25
02CSC1303CGD,8.25
02CSC1303CGR,8.25
02CSC1303CPL,8.25
02CSC1303CRD,8.25
02CSC1303CSL,8.25
02CSC1303DBK,8.25
02CSC1303DBL,8.25
02CSC1303DGD,8.25
02CSC1303DPL,8.25
02CSC1303DRD,8.25
02CSC1303DSL,8.25
02CSC1304ARD,6.69
02CSC1305ARD,15.04
02CSC1306ARD,6.69
02CSC1307ARD,10.03
02CSC1308ARD,13.37
02CSC1311ARD,13.37
02CSC1312ARD,13.37
02CSC1313ARD,20.9
02CSC1314ARD,9.19
02CSC1315ARD,11.7
02CSC1316ARD,23.4
02CSC1317ARD,11.7
02CSC1318ARD,11.7
02CSC1401DCL,52.39
02CSC1401DSL,47.87
02CSC1402DCL,47.87
02CSC1402DSL,37.94
02CSC1801ARD,13.37
02CSC1802ARD,13.37
02CSC1803ARD,5.85
02CSC1804ARD,13.37
02CSC1805ABK,16.72
02CSC1806ARD,13.37
02CSC1807ARD,16.72
02CSC1808ARD,11.7
02CSC1809ARD,10.87
02CSC2001ARD,21.73
02CSC2002ARD,30.09
02CSC2003ARD,4.18
02CSC2004ARD,4.18
02CSC2005ARD,8.36
02CSC2006ARD,4.18
02CSC2007ARD,4.18
02CSC2008ARD,4.18
02CSC2009ARD,4.18
02CSC2201ARD,10.03
02CSC2202ABK,20.06
02CSC2203ARD,8.36
02CSC3901ARD,20.06
02CSC3902ARD,23.4
02CSC3903ABK,23.4
02CSC4501ARD,11.7
02EBD1201ABK,43
02ECD0001AWT,1.44
02ECD0002AWT,3.5
02ECD1003ABK,10.48
02ECE0026ABL,1.57
02ECE0026AGD,1.57
02ECE0026ARD,1.57
02ECE0026ASL,1.57
02ECE0028ABL,1.57
02ECE0028AGD,1.57
02ECE0028ARD,1.57
02ECE0028ASL,1.57
02ECE0030ABL,1.57
02ECE0030AGD,1.57
02ECE0030ARD,1.57
02ECE0030ASL,1.57
02ECE0032ABK,1.57
02ECE0032ABL,1.57
02ECE0032AGD,1.57
02ECE0032ARD,1.57
02ECE0032ASL,1.57
02ECE0034ABK,1.57
02ECE0034ABL,1.57
02ECE0034AGD,1.57
02ECE0034ARD,1.57
02ECE0034ASL,1.57
02ECE0036ABL,1.57
02ECE0036AGD,1.57
02ECE0036ARD,1.57
02ECE0036ASL,1.57
02ECE0038ABL,1.57
02ECE0038AGD,1.57
02ECE0038ARD,1.57
02ECE0038ASL,1.57
02ECE0040ABL,1.57
02ECE0040AGD,1.57
02ECE0040ARD,1.57
02ECE0040ASL,1.57
02ECG0001AYL,6.97704918
02ECG0186ABK,10
02ECM0001ASL,2.89
02ECS0001ABK,10.5
02ECS1101ABK,10
02ECS1201ABK,2.71
02ECS1202ABK,37.5
02ECS1501ABK,10.2
02ECS1601ABK,20
02ECS3701ABK,12.2
02ECT0001ABK,2.5
02EFS1201ABK,33
02EGA0004ABK,11.29
02EGA0004ABL,11.29
02EGA0004ARD,11.29
02EGA0004ASL,11.29
02EGA0007ASL,15.36
02EGA0008ABK,14.09
02EGA0009ASL,16.26
02EGA1101ASL,129.78
02EGB0009ABK,16.44
02EGB0014ASL,15.35
02EGB1605ASL,154
02EGB1811ZBK,2350
02EGB2104ABK,32
02EGB2105ASL,32
02EGB2105BBK,32
02EGB3101ASL,26.61
02EGB3102ZBK,41.73
02EGB3102ZBL,41.73
02EGB3102ZRD,41.73
02EGB3103ASL,400
02EGB3104ASL,32
02EGB3105ASL,32
02EGC1301ABL,29.38
02EGC1303ABK,29.38
02EGC1303ABL,29.38
02EGC1303ARD,29.38
02EGC1403ACL,8
02EGC1404ACL,8
02EGC1405ACL,8
02EGC1406ACL,6
02EGC1603ACL,7.25
02EGC1802ARD,22
02EGC2061ACL,7.2
02EGD0001ABK,5.68
02EGD0001ABL,5.68
02EGD0001ARD,5.68
02EGD0005ASL,14.45
02EGD0006ABK,14.45
02EGD0009ABL,18.06
02EGE0001CSL,43.95
02EGE0002CSL,43.95
02EGE0003CBL,47.61
02EGE0003CRD,47.61
02EGE0003CSL,47.61
02EGE0004CBL,47.61
02EGE0004CRD,47.61
02EGE0004CSL,47.61
02EGE0005CBK,35
02EGE0005CSL,35
02EGE0005ZSL,14.69
02EGE0006CBK,45
02EGE0006CSL,45
02EGE0006ZSL,22.03
02EGE1301CSL,54.94
02EGE1311CSL,54.94
02EGE1314ZGY,12.85
02EGE1406CSL,54.94
02EGE1601BSL,
02EGE1802CSL,54.94
02EGF0001ABK,4.16
02EGF0001ABL,4.16
02EGF0001ARD,4.16
02EGF0001ASL,4.16
02EGF0002ABK,3.84
02EGF0002ABL,5.96
02EGF0002ARD,3.84
02EGF0002ASL,3.84
02EGF0003ABL,4.52
02EGG0001ABL,11.74
02EGG0001AGD,11.74
02EGG0001ARD,11.74
02EGG0002ARD,5.06
02EGI0001ABK,74.6
02EGI0003ASL,78.4
02EGI0004ASL,111.27
02EGI0005ASL,58.06
02EGI0006ASL,100
02EGI0008ASL,23.13
02EGJ0001ABL,4.39
02EGJ0001ARD,4.39
02EGJ0001ASL,4.39
02EGJ0002BRD,5.4
02EGJ0003ABK,11.74
02EGJ0004BGD,14
02EGJ0005ASL,27.1
02EGJ0007ABK,15.11
02EGJ0014ABK,50.35
02EGJ0015ABK,16.89
02EGJ0016ABK,5
02EGJ1301ASL,20
02EGJ1801ASL,16
02EGK0001ABK,14.26
02EGK0001ABL,12.21
02EGK0001AGD,12.21
02EGK0001AKK,12.21
02EGK0001ASL,14.26
02EGK0001BBK,21.7
02EGK0001BSL,21.7
02EGK0001CSL,27.541
02EGK0001DSL,33.26
02EGK0002ABK,16.39
02EGK0002ABL,16.39
02EGK0002AGD,16.39
02EGK0003ABK,23.36
02EGK0003ABL,23.36
02EGK0003AGD,23.36
02EGK0005ABK,39.34
02EGK0005ASL,39.34
02EGK0006ABK,25.82
02EGK0006ASL,25.82
02EGK0008ABK,18.44
02EGK0008ASL,18.44
02EGK0008BBK,
02EGK0009ABK,22.13
02EGK0009ASL,22.13
02EGK0010ABK,33.2
02EGK0010ASL,33.2
02EGK0011ABK,36.89
02EGK0011ASL,36.89
02EGK0012ABK,11.07
02EGK0012ASL,11.07
02EGK0013ABK,14.75
02EGK0013ASL,14.75
02EGK1001AGY,7.54
02EGK1002ABK,2.6
02EGK1002AWT,1.89
02EGK1003ABL,11.31
02EGK1003AGY,11.31
02EGK1003ARD,11.31
02EGK1004ABL,13.2
02EGK1004AGY,13.2
02EGK1004ARD,13.2
02EGK1005AGY,17
02EGK1006AGY,17
02EGK1007ABK,2.83
02EGK1007ABL,2.83
02EGK1007APL,2.83
02EGK1007ARD,2.83
02EGK3701ABK,43.35
02EGK3701ASL,43.35
02EGL0001ABL,45.16
02EGY0002ASL,6.32
02EGY0004ASL,4.84
02EGY0005ASL,6.4
02EGY0006ASL,6.95
02EGY0007ASL,6.95
02EGY1101AGR,
02EGY1601AGR,21.68
02EGY1601ZBL,18.33
02EGY1601ZGR,18.33
02EGY1601ZRD,18.33
02EGZ0001ABK,60.82
02EGZ0001AGD,60.82
02EGZ0001ASL,60.82
02EGZ0001BBK,48.85
02EGZ0001BBL,49.32
02EGZ0001BGD,48.85
02EGZ0001BSL,48.85
02EGZ0001CBK,46.07
02EGZ0001CGD,46.07
02EGZ0001CSL,46.07
02EGZ0001HBK,53.61
02EGZ0001HGD,53.61
02EGZ0001HSL,53.61
02EGZ0002ABK,65.57
02EGZ0002AGD,65.57
02EGZ0002ASL,65.57
02EGZ0002BBK,53.77
02EGZ0002BBL,51.73
02EGZ0002BGD,53.77
02EGZ0002BSL,53.77
02EGZ0002CBK,50.98
02EGZ0002CBL,49.02
02EGZ0002CGD,50.98
02EGZ0002CSL,50.98
02EGZ0002HBK,58.52
02EGZ0002HGD,58.52
02EGZ0002HSL,58.52
02EGZ0002RBK,79.48
02EGZ0002TBK,52.75
02EGZ0003ABK,73.77
02EGZ0003ABL,75.51
02EGZ0003AGD,73.77
02EGZ0003ASL,73.77
02EGZ0003BBK,61.8
02EGZ0003BGD,61.8
02EGZ0003BSL,61.8
02EGZ0003CBK,58.85
02EGZ0003CGD,58.85
02EGZ0003CSL,58.85
02EGZ0003HBK,66.39
02EGZ0003HGD,66.39
02EGZ0003HSL,66.39
02EGZ0004ABK,91.97
02EGZ0004ASL,91.97
02EGZ0004BBK,80.16
02EGZ0004BSL,80.16
02EGZ0004CBK,77.38
02EGZ0004CSL,77.38
02EGZ0004HBK,69.42
02EGZ0004HSL,84.92
02EGZ0004TBK,
02EGZ0004TSL,
02EGZ0005ABK,72.13
02EGZ0005ASL,72.13
02EGZ0005BBK,60.33
02EGZ0005BSL,60.33
02EGZ0005CBK,57.54
02EGZ0005CSL,57.54
02EGZ0005HBK,65.08196721
02EGZ0005HSL,65.08
02EGZ0005TBK,66.53
02EGZ0006ABK,76.39
02EGZ0006ASL,76.39
02EGZ0006BBK,64.59
02EGZ0006BSL,64.59
02EGZ0006CBK,61.8
02EGZ0006CSL,61.8
02EGZ0006HBK,69.34
02EGZ0006HSL,69.34
02EGZ0006SBK,51.82
02EGZ0006TBK,70.83
02EGZ0008ABK,68.03
02EGZ0008ASL,68.03
02EGZ0008BBK,56.07
02EGZ0008BSL,56.07
02EGZ0008CBK,53.28
02EGZ0008CSL,53.28
02EGZ0008HBK,60.82
02EGZ0008HSL,60.82
02EGZ0010ABK,84.92
02EGZ0010ASL,84.92
02EGZ0010BBK,73.11
02EGZ0010BSL,73.11
02EGZ0010CBK,70.16
02EGZ0010CSL,70.16
02EGZ0010GBK,81.78
02EGZ0010HBK,77.7
02EGZ0010HSL,77.7
02EGZ0010TBK,70.63
02EGZ0010TSL,70.63
02EGZ0010ZBK,80
02EGZ0011ABK,89.18
02EGZ0011ASL,89.18
02EGZ0011BBK,77.38
02EGZ0011BSL,77.38
02EGZ0011CBK,74.43
02EGZ0011CSL,74.43
02EGZ0011HBK,81.97
02EGZ0011HSL,81.97
02EGZ0012ABK,59.51
02EGZ0012ASL,59.51
02EGZ0012BBK,47.54
02EGZ0012BSL,47.54
02EGZ0012CBK,44.75
02EGZ0012CSL,44.75
02EGZ0012HBK,52.3
02EGZ0012HSL,52.3
02EGZ0013ABK,63.77
02EGZ0013ASL,63.77
02EGZ0013BBK,51.8
02EGZ0013BSL,51.8
02EGZ0013CBK,49.02
02EGZ0013CSL,49.02
02EGZ0013HBK,56.56
02EGZ0013HSL,56.56
02EGZ1004ABK,7.95
02EGZ1004ASL,7.41
02EGZ1006ABK,10.48
02EGZ1006ASL,11.2
02EGZ1101ABK,61.96
02EGZ1102ABK,61.96
02EGZ1103ABK,60.76
02EGZ1103CBK,85.81
02EGZ1103DBK,61.24
02EGZ1103DSL,62.14
02EGZ1103EBK,63.29
02EGZ1103ESL,63.93
02EGZ1103FBK,78.09
02EGZ1103FSL,77.14
02EGZ1104ABK,92.13
02EGZ1105ABK,96.7
02EGZ1601ABK,
02EGZ1601ASL,
02EGZ1601BBK,
02EGZ1601BSL,75.06
02EGZ1601DBK,
02EGZ1601DSL,
02EGZ1601EBK,
02EGZ1601ESL,
02EGZ1606HBK,70
02EGZ1806BBK,66
02EGZ1806HBK,70
02EHS1201ABK,11
02EM46881ASL,
02EM46881BSL,
02EM46881CSL,
02EMI5021ASL,8.06
02EMI5021BSL,8.06
02EMI5531ASL,8.06
02EMI5531BSL,
02EMI6361AFL,
02EMI6361FSL,8.06
02EMI9909ASL,3.23
02ESW1201ABK,50
02ESW1202ABK,3.5
02ETA0007ABK,4.34
02ETA0008ABK,5.42
02ETA0008BBK,3.61
02ETA0008BBL,3.61
02ETA0008BRD,3.61
02ETA0009ABK,5.01
02ETA0009BBK,5.01
02ETA0010CBK,5.01
02ETB0001ASL,104.78
02ETB0001BSL,
02ETB0002ASL,108.39
02ETB0002BSL,
02ETD0001ABK,24.75
02ETD0001ARD,24.75
02ETD1201LBK,4.3
02ETD1201RBK,4.3
02ETD1202ABK,2.2
02ETD2001ABK,2.2
02ETD2002ABK,2.2
02ETD3701ABK,4.4
02ETD4501ABK,2.5
02ETD4501RBK,2.5
02ETD4503ARG,0.3
02ETD4504ABK,2.2
02ETD4505ABK,4.3
02ETD4506ABK,4
02ETF1101ABK,3.61
02ETF1102ABK,3.61
02ETF1103ABK,3.61
02ETF1801ABK,3.61
02ETF1802ABK,3.61
02ETG1201ABK,0.8
02ETH0001ABK,19
02ETH0002ABK,12.5
02ETN1201ASL,12
02ETN1203ASL,3
02ETN1204ASL,6
02ETN3701ASL,22
02ETN3702ASL,13.5
02ETS1001ASL,171.61
02ETS1101ASL,126.45
02ETS1102ASL,171.61
02ETS1301ASL,30
02ETS2201ASL,90.32
02ETS2202ASL,117.42
02ETS2601ASL,90.32
02ETS2602ASL,180.65
02ETS2603ASL,171.6
02ETS2901ASL,270.97
02ETS3001ASL,325.16
02ETS3901ABK,64
02ETS4101ASL,99.35
02ETS4102ASL,117.42
02ETS4103ASL,104.77
02ETW1201ABK,8.71
02ETW1202ABK,8.71
02ETW1203ABK,8.71
02ETW1206ABK,50
02ETW1207ABK,50
02ETW1208ABK,10
02ETW1209ABK,10
02ETW1301ABK,8.71
02ETW1302ABK,4.98
02ETW1303ABK,4.98
02ETW1401ABK,4.98
02ETW1601ABK,8.71
02ETW1602ABK,4.98
02ETW2001ABK,8.71
02ETW2002ABK,4.98
02ETW2003ABK,4.98
02ETW2004ABK,4.98
02ETW2005ABK,4.98
02ETW2201ABK,4.98
02FSA0004ABK,30
02FSA0004ARD,30
02FSA0004BRD,38.46
02FSA0007ASG,10
02FSA0010ABK,8.7
02FSA0010ABL,8.7
02FSA1301AGY,13
02FSB0004ABL,2.88
02FSB0007ABK,1.41
02FSB0007ABL,1.41
02FSB0007BBK,1.91
02FSB0007CBK,1.91
02FSB0007CBL,1.91
02FSB0008ABK,1.65
02FSB0008ABL,1.65
02FSB0008BBK,3.48
02FSB0008CBL,2.87
02FSB0008DBL,3.65
02FSB0009ABK,2.27
02FSB0009ABL,1.85
02FSB0009BBK,3.85
02FSB0009CBK,3.85
02FSB0009CBL,3.48
02FSB0009DBK,4.39
02FSB0010ABL,1.32
02FSB0010BBL,2.29
02FSB0010CBL,2.29
02FSB0010DBL,2.56
02FSB0011ABL,1.87
02FSB0011BBL,3.11
02FSB0011CBL,3.48
02FSB0011DBL,3.57
02FSB0012ABL,2.27
02FSB0012BBL,3.85
02FSB0012CBL,3.85
02FSB0012DBL,4.4
02FSB0013ABK,1.56
02FSB0013ASL,1.56
02FSB0013BBK,1.61
02FSB0013BSL,1.61
02FSB0013CBK,1.74
02FSB0013CSL,1.74
02FSB0013DBK,1.5
02FSB0013DSL,1.68
02FSB0013EBK,2.12
02FSB0013ESL,2.12
02FSB0015ABL,96.65
02FSB0016ABL,21.28
02FSB0018ABL,1.18
02FSB0018CBL,1.63
02FSB0019ABK,2.45
02FSB0019ABL,2.45
02FSB0019CBK,4.58
02FSB0019CBL,4.58
02FSB0020ABL,1.28
02FSB0020BBL,2.05
02FSB0020CBL,2.05
02FSB0020DBL,2.47
02FSB0021ABL,2.45382
02FSB0021BBL,4.58
02FSB0021CBL,4.58
02FSB0021DBL,5.13
02FSB5004ZBK,41.36
02FSB5004ZSL,42.29
02FSB5006ZBK,42.95
02FSB5006ZSL,42.95
02FSB5008ZBK,42.99193548
02FSB5008ZSL,42.34
02FSB5010ZBK,46.44
02FSB5010ZSL,
02FSB5012ZBK,59.46
02FSB5012ZSL,60.86
02FSB5013ZSL,29.33
02FSB5014ZSL,16.5
02FSC1201BPL,34.89
02FSC1401ASG,22.58
02FSC1402ASG,27.5
02FSC1403APL,34.89
02FSC1404ABL,34.89
02FSC1516DBK,12.9
02FSC1601BPL,34.89
02FSC1602APL,34.89
02FSC1603ABL,20.97
02FSC1603APL,34.89
02FSC1801ABK,42
02FSC2001APL,34.89
02FSCVW18APL,34.89
02FSD00010ASL,18.55
02FSD00011ASL,29.84
02FSD00012ASL,32.26
02FSD0001ABK,14
02FSD0002ABK,15
02FSD0005ASL,67.83
02FSD0008ASL,44
02FSD0009ASL,51.33
02FSE0003ABK,3.62
02FSE0003ARD,3.62
02FSE0004ABL,7.34
02FSE0012ABL,
02FSE0031ABK,14.45
02FSE0035ABK,14.11
02FSE0035ABL,14.11
02FSE0035ARD,14.11
02FSE0035ASL,14.11
02FSF1201ABK,8
02GKB0001ABK,3.25
02GKB0002ABK,3.25
02HBM3901ABK,19
02HGL1101ABK,9.2
02HGL1101ASL,11
02HGL1102ABK,14.9
02HGL1102ASL,17
02HGL1103ABK,23
02HGL1103ASL,21.8
02HGL1104ABK,14.9
02HGL1104ASL,15
02HGL1105ABK,13
02HGL1105ASL,15
02HGL1107ABK,15.27
02HGL1108ABK,15.27
02HGL1109ABK,13.58
02HGL1110ABK,15.27
02HGL1111ABK,13.58
02HGL1112ABK,16.97
02HGL1113ABK,30.55
02HGL1114ABK,27.15
02HGL1115ABK,30.55
02HGL1116ABK,16.97
02HGL1117ABK,25.45
02HGL1118ABK,25.45
02HGL1119ABK,25
02HGL1120ABK,61.09
02HGL1121ABK,93.33
02HGL1122ABK,20
02HGL1201ABK,33.42
02HGL1202ABK,18
02HGL1204ABK,63
02HGL1205ABK,12.3
02HGL1601ABK,15.54
02HGL1602ABK,14.45
02HGL1603ABK,13.55
02HGL2001ABK,49.68
02HGL2601ABK,50
02HGL3401ABK,41.55
02HGL3401ACH,47.87
02HGL3402ACH,49.68
02HGL3702ABK,33.42
02HGL3702ACH,41.55
02HGL3703ABK,41.55
02HGL3703ACH,57.81
02HGL3704ABK,41.55
02HGL3704ACH,57.81
02HGL3705ABK,46.07
02HGL3705ACH,57.81
02HGL3901ABK,28.9
02HGL3901ACH,37.02
02HGL4501ABK,45.16
02HGL4501ACH,62.35
02HGL5301ABK,16.26
02HLA0002ARD,3.8
02HLA0002BRD,7.6
02HLA1201AWT,19.87
02HLA1202ABK,7.5
02HLA1202AWT,10
02HLA1203ABK,10.5
02HLA1203ASM,10.5
02HLA1204ASM,10.5
02HLA1205ABK,11
02HLA1301AWT,4.8
02HLA1302LWT,16.1
02HLA1302RWT,16.1
02HLA1303LWT,17.9
02HLA1303RWT,17.9
02HLA1601ABK,53
02HLA1602ASM,10
02HLA2001AWT,15
02HLA2002AWT,6.6
02HLA2003ACH,30.71
02HLA2003ASM,30.71
02HLA2003BCH,35.23
02HLA2008ABK,8
02HLA3702AWT,12
02HLA3702BBK,7.5
02HLA3702ZWT,16
02HLA3703ASM,10.5
02HLA3704AWT,10.5
02HLA4501ADB,8.5
02HLA4501AWT,8.5
02HLA4501AYL,8.5
02HLA4502AWT,18
02HLA4504ARD,8
02HLA4505AWR,8
02HLA4506ASM,8
02HLA4507ASM,10.5
02HLA4508ASM,10.5
02HLA4509ASM,8
02HLA4515AWT,12
02HLB4301ASM,51.48
02HLB4502ASM,51.48
02HLC1101ACL,10
02HLC1102ACL,29
02HLC2201ABK,6
02HLC2202ABK,7
02HLC2601ACL,23
02IEA0003ABL,5.78
02IEA0003AGY,5.78
02IEA0003ARD,5.78
02IEA0003BRD,
02IEB0001ASL,64
02IEH1101ZBK,3.25
02IEH1301ZBK,4
02IEH4501ZBK,4.52
02IES0001ARD,10.84
02ISC0001ABL,7.59
02ISC0001ACP,7.59
02ISC0001ARD,7.59
02ISC0002ABL,5.96
02ISC0002AGY,5.96
02ISC0002ARD,5.96
02ISC1201AYL,35
02ISC3702ABE,36
02ISC4501AWT,35
02ITA0001ABK,10.87
02ITA0001ABL,10.87
02ITA0001AGD,10.87
02ITA0001APL,10.87
02ITA0001ARD,10.87
02ITA0001ASL,10.87
02ITA0001BBK,15.04
02ITA0001BBL,15.04
02ITA0001BGD,15.04
02ITA0001BPL,15.04
02ITA0001BRD,15.04
02ITA0001ZBK,14.21
02ITA0001ZBL,14.21
02ITA0001ZGD,14.21
02ITA0001ZPL,14.21
02ITA0001ZRD,14.21
02ITA0002ABK,13.37
02ITA0002BBK,20.6
02ITA0004ABK,16.13
02ITA0006ABK,14
02ITA0006ABL,14
02ITA0006AGD,14
02ITA0006APL,14
02ITA0006ARD,14
02ITA0008ASL,8.03
02ITA0009ASL,9.93
02ITA0010ASL,28.224
02ITA0011ASL,11.48
02ITA0012ASL,16.73
02ITA0015ASL,17.73
02ITA0017ASL,19.97
02ITA0019ASL,8.96
02ITA0021ASL,24.04
02ITA0022ASL,9.33
02ITA0023ARD,9.33
02ITA0024ABK,8.59
02ITA0025ASL,14.93
02ITA0026ABK,23.15
02ITA0027ASL,8.96
02ITA0028ASL,13.07
02ITA0029ASL,8.96
02ITA0030ASL,14.93
02ITA0031ASL,16.61
02ITA0035ASL,27.63
02ITA0036ASL,15.87
02ITA0037ASL,8.96
02ITA0038ASL,33.43
02ITA1301ABE,22.06
02ITA1301ABK,22.06
02ITA1301ASL,18.06
02ITA1301BBK,18.6
02ITA1302ABE,20.59
02ITA1302ABK,20.59
02ITA1801ABE,23
02ITA1801ABK,23
02ITA1802ABE,23.53
02ITA1802ABE ,23.53
02ITA1802ABK,22
02ITA3101ABK,20.59
02ITA3102ABK,20.59
02ITA3901ABE,27.94
02ITA3901ABK,27.94
02ITA4301ABK,22
02ITC0002ASL,8.06
02ITC0002BSL,8.06
02ITE0005BBK,14.69
02ITE0005BCO,29.38
02ITE0005BGD,29.38
02ITE0011ABK,18.33
02ITE0012ABK,18.33
02ITE0013ABK,18.33
02ITE0014ABK,18.33
02ITE0015ABK,8.48
02ITE0015ABL,9.5
02ITE0015AGD,8.48
02ITE0015APL,8.48
02ITE0015ARD,8.48
02ITE0015ASL,9.5
02ITF0006ASL,163.9
02ITF1201ABK,0.42
02ITG0001ABK,4.16
02ITG0001AGY,4.16
02ITG0001AWT,4.16
02ITG0002ABK,9.03
02ITG0002AGY,9.03
02ITG0002AWT,9.03
02ITG0003ABK,0.9
02ITG0004ABE,12
02ITG0004ABK,12
02ITG0004AGY,10
02ITG0004ALG,12
02ITG0005ABK,0.85
02ITG1201ABK,2.2
02ITG1202ASL,1.2
02ITG2002ABK,2.7
02ITG2003ABK,3.7
02ITG2004ABK,1.85
02ITG2005ABK,2.75
02ITG3703ABK,3.7
02ITG4501ABK,5
02ITG4502ABK,4
02ITG4508ABE,20
02ITG4508ABK,20
02ITG4508ALG,20
02ITH0002BSL,67.42
02ITJ2201ABK,14
02ITJ2201ASL,14
02ITJ2202ABK,14
02ITJ2202ASL,14
02ITR1201ASL,1.2
02ITR1202ASL,2.4
02ITS1801ARD,10.03
02ITS1802ARD,10.03
02ITS1803ARD,6.69
02KEA1201ABK,0.77
02KEA1202ABK,0.77
02KEA1203ABK,1.16
02KEA1601ABK,0.77
02KEA2001ABK,0.97
02KEA2002ABK,1.35
02KEA2201ABK,2.13
02KEA4501ABK,0.77
02KEA4502ABK,0.77
02KEA4503ABK,0.77
02KEA4504ABK,0.77
02KEA4601ABK,0.77
02OCA0001ZBL,54.85
02OCA0002ZBL,60.03
02OCA0003VSL,11.02
02OCA0003ZBL,64.78
02OCA0004ZBL,68.05
02OCA0005VSL,12.85
02OCA0005ZBL,73.25
02OCA1101ASL,8
02OCB0001ABK,150
02OCB0001ABL,150
02OCB0001ARD,150
02OCB0002BBL,37.41
02OCB0002CSL,17.3712
02OCB0003ABK,81.61
02OCB0003ABL,81.6
02OCB0003ARD,81.61
02OCB0003BBK,85
02OCB0003BBL,85
02OCB0003BRD,85
02OCB0003CBK,106
02OCB0003DBK,114.78
02OCB0003EBK,114
02OCB0003FBK,125
02OCB0004ASL,50
02OCB0005ASL,58.06
02OCB0006BBL,120.3
02OCB0007BBL,35.48
02OCB0007CSL,54.18
02OCB0010ARD,138.5
02OCB0012ABK,
02OCB0012ABL,142.9
02OCB0012ARD,142.9
02OCB0013BRD,17.37
02OCB0014BBK,58.06
02OCB0014BBL,58.06
02OCB0015BRD,148.13
02OCB0016BBK,25.8
02OCB0016BBL,25.81
02OCB0016BRD,25.8
02OCB0017BRD,81.29
02OCB0018ASL,
02OCB0019ABK,130
02OCB0019ASL,135.49
02OCB0020ASL,100
02OCB0022ABK,32.26
02OCB0023ABK,24.19
02OCB0026CSL,216.77
02OCB0027CBK,252.9
02OCB0028CBK,281.81
02OCB0028CSL,281.81
02OCB0033ASL,42.54
02OCB1001ASL,83.13
02OCB1101ASL,64.93
02OCB1102ABK,88.36
02OCB1103ABK,98
02OCB1103ASL,98
02OCB1202ABK,190
02OCB1202ASL,190
02OCB1301ASL,125
02OCB1404CBK,132.26
02OCB1405ASL,81.19
02OCB1601CSL,110
02OCB1812ABK,96.77
02OCB1812ABL,96.77
02OCB1812ARD,96.77
02OCB1813ASL,76.87
02OCB1873ABK,120.97
02OCB1873ABL,120.97
02OCB1873ARD,120.97
02OCB2201ABK,118
02OCB2201ABL,118
02OCB2201ARD,118
02PTH0001ACL,8.41
02PTH0001APL,12.85
02PTH0001ARD,12.85
02PTH0001ASL,12.85
02PTH0002ABK,3.4
02PTH0003ABK,5.8
02RAS1401ABK,26.19
02RAS1901ABK,25.29
02RAS2001ABK,26.19
02RAS2002ABK,30.71
02RAS2003ABK,26.19
02RAS2004ABK,30.71
02RAS2005ABK,26.19
02RAS2006ABK,26.19
02RAS2007ABK,25.78
02RAS3901ABK,30.71
02RAS3902ABK,27.56
02RSA0001ABK,8
02RSA1201ABK,40
02RSA1201BDM,40
02RSA1206ABK,40
02RSA1206BDM,40
02RSA1207ABK,40
02RSA1207BDM,40
02RSA1208ABK,35
02RSA1209ABK,32
02RSA1211BDM,32
02RSA1212ABK,37
02RSA1212BDM,35
02RSA1213ABK,32
02RSA2001ABK,43
02RSA2002ABK,42
02RSA2003ABK,42
02RSA2004ABK,43
02RSA2006ABK,35
02RSA3701ABK,40
02RSA3701BDM,40
02RSA3702ABK,40
02RSA3702BDM,40
02RSA3703BDM,32
02RSA3704ABK,40
02RSA3704BDM,40
02RSA3705ABK,32
02RSA3705BDM,28
02RSA3706ABK,30
02RSA3706BDM,30
02RSA3707ABK,35
02RSA3901ABK,39
02RSA3903ABK,43
02RSA3904ABK,24
02RSA4501ABK,40
02RSA4501BDM,40
02RSA4502ABK,40
02RSA4503ABK,40
02RSA4503BDM,40
02RSA4504ABK,40
02RSA4504BDM,40
02RSA4505ABK,45
02RSA4506ABK,40
02RSA4506BDM,40
02RSA4507ABK,
02RSA4508ABK,32
02RSA4509ABK,40
02RSA4509BDM,40
02RSA4510ABK,19
02RSA4511BDM,30
02RSA4512ABK,32
02RSA4513ABK,35
02RSB1201ABK,6
02SAB1101APL,159
02SAB1102APL,158.5
02SAB1103APL,161.452
02SAB1303APL,147.23
02SAB1602ZBL,14.69
02SAB1602ZRD,14.69
02SAB2001APL,173.12
02SAB2001BPL,
02SAB2001KBK,
02SAB2002KBK,
02SAB2003KBK,
02SAB2008KBK,
02SAB2009KBK,
02SAB2010KBK,
02SAB2011KBK,
02SAB2014KBK,
02SAB2015KBK,
02SAB2018KBK,
02SAB2019KBK,
02SAB2207APL,148.3
02SAB2207AYL,148.3
02SAB2209APL,150.66
02SAB2209AYL,150.66
02SAB2210APL,160.78
02TBH0001ABL,5.51
02TBH0002AGY,5.51
02TBT0001ASL,1.8
02TBT0002ASL,1.8
02TBT0003ASL,1.95
02TBT0004ASL,1.95
02TDC1201ABK,6.5
02TDD1301ASL,5.5
02TDS1301ABK,80
02TDS1601ABK,45
02TDS4101ABK,77
03CLA5706BBKZ,15.61
03CLA5901BBKZ,15.61
03CLA5904BBKZ,15.61
03CLA6301BBKZ,15.61
03CLA6304BBKZ,15.61
03CLA6402BBKZ,15.61
03CLA6406BBKZ,13.88
03COA6501ABK,10.16
03COA6502ABK,10.16
03COA6503ABK,10.16
03COA6504ABK,10.16
03ECG0001ABK,13.95
03ECG0001BBK,12.85
03EGI6501ABK,47.9
03EGI6502ABK,65
03FEA5001ACB,7.23
03FEA5701ACB,8.2
03FEA5702ACB,8.06
03FEA5703ACB,7.26
03FEA5704ACB,5.65
03FEA5705ACB,6.45
03FEA5706ACB,7.34
03FEA5707ACB,7.34
03FEA5708ACB,6.45
03FEA5709ACB,6.45
03FEA5710ACB,6.45
03FEA5711ACB,19.35
03FEA5712ACB,11.93
03FEA5713ACB,8.06
03FEA5714ACB,9.68
03FEA5901ACB,12.85
03FEA5902ACB,13.77
03FEA5903ACB,13.71
03FEA5904ACB,25.7
03FEA5905ACB,9.18
03FEA5906ACB,8.06
03FEA5907ACB,7.26
03FEA5908ACB,12.85
03FEA5909ACB,7.34
03FEA5910ACB,12.85
03FEA5911ACB,15.61
03FEA5912ACB,8.06
03FEA5913ACB,6.43
03FEA5914ABL,18.36
03FEA5914ADO,18.36
03FEA5914AGD,18.36
03FEA5914AGR,18.36
03FEA5914ARD,18.36
03FEA5915ABL,18.36
03FEA5915ADO,18.36
03FEA5915AGR,18.36
03FEA5915ARD,18.36
03FEA6301ACB,8.26
03FEA6302ACB,13.71
03FEA6303ACB,21.68
03FEA6304ACB,8.13
03FEA6305ACB,8.26
03FEA6306ACB,7.26
03FEA6307ACB,10.48
03FEA6308ACB,7.23
03FEA6309ACB,6.43
03FEA6310ACB,6.45
03FEA6311ACB,7.34
03FEA6312ACB,5.65
03FEA6401ACB,7.34
03FEA6402ACB,10.1
03FEA6403ACB,7.34
03FEA6404ACB,5.65
03FEA6405ACB,7.34
03FEA6406ACB,8.26
03FEA6407ACB,5.65
03FEA6408ACB,7.34
03FEA6409ACB,7.26
03FEA6410ACB,5.65
03FEA6411ACB,9.68
03FEA6412ACB,8.87
03FEA6413ACB,6.45
03FEA6414ACB,12.85
03FEA6415ACB,7.26
03FEA6416ACB,12.9
03FEB5001ABK,14.69
03FEB5001ABL,14.69
03FEB5001ADO,14.69
03FEB5001AGD,14.69
03FEB5001ASL,14.69
03FEB5001BBL,18.43
03FEB5001BCL,17.43
03FEB5001BDO,16.43
03FEB5001BGD,15.43
03FEB5001BGR,14.43
03FEB5001BIR,13.43
03FEB5001BRD,12.43
03FEB5001BSL,11.43
03GLR6501ASL,10.84
03HLA5302AWT,180.65
03HLA5501AWT,72.26
03HLA5502AWT,117.42
03HLA5503AWT,180.65
03HLA5701AWT,108.39
03HLA5702AWT,81.2903
03HLA5703AWT,32.52
03HLA5704AWT,22.58
03HLA5705AWT,32.52
03HLA5706AWT,32.52
03HLA5708AWT,198.71
03HLA5710AWT,108.39
03HLA5713AWT,168
03HLA5901AWT,126.45
03HLA5902AWT,135.48
03HLA5903AWT,144.52
03HLA5904AWT,144.52
03HLA5905AWT,99.35
03HLA5906AWT,99.35
03HLA5908AWT,162.58
03HLA5911AWT,135.48
03HLA5912AWT,130.06
03HLA6301AWT,122.84
03HLA6302AWT,43.35
03HLA6304AWT,43.35
03HLA6305AWT,117.42
03HLA6308AWT,90.32
03HLA6309AWT,117.42
03HLA6310AWT,162.58
03HLA6401AWT,32.52
03HLA6402AWT,28.9
03HLA6403AWT,45.16
03HLA6404AWT,28.9
03HLA6405AWT,32.51
03HLA6406AWT,32.51
03HLA6409AWT,99.35
03HLA6410AWT,99.35
03HLA6411AWT,135.48
03HLA6412AWT,139.1
03HLB6301ABK,14.45
03HLB6405ABK,11.75
03HLB6501ABK,19.9
03HLH6501ASL,11.75
03RSA0001ABE,5.7
03RSA0001ABK,5.42
03RSA0001AGY,5.69
03RSA0002ABE,5.61
03RSA0002ABK,5.61
03RSA0002AGY,5.61
03RSA0010ABE,7.22
03RSA0010ABK,7.22
03RSA0010AGY,7.22
03RSA0026ABK,3.61
03RSA0026AGY,4.06
03RSA0030ABE,7.22
03RSA0030ABK,7.22
03RSA0035ABE,7.22
03RSA0035ABK,7.22
03RSA0035AGY,7.22
03RSA0056ABE,10.84
03RSA0056ABK,10.84
03RSA0056AGY,10.84
03RSA0070ABE,7.22
03RSA0070AGY,7.22
03RSA1001ABK,1.5
03RSA1001QBK,11.61
03RSA1002ABK,1.5
03RSA1004ABK,1.26
03RSA1006ABK,1.26
03RSA1007QBK,8.71
03RSA1103ABK,11.61
03RSA1105ABK,11.61
03RSA1106ABK,11.61
03RSA1113ABK,11.61
03RSA1201ABK,53
03RSA1202ABK,1.5
03RSA1203ABK,1.5
03RSA1204ABK,1.26
03RSA1205ABK,40
03RSA1206ABK,10
03RSA1206BBK,6.5
03RSA1207ABK,6.5
03RSA1208ABK,6.5
03RSA1209ABK,6.5
03RSA1209BBK,6.5
03RSA1210BBK,6.5
03RSA1301ABK,1.81
03RSA1303ABK,1.81
03RSA1304ABK,2.71
03RSA1305ABK,1.94
03RSA1306ABK,1.94
03RSA1310ABK,2.91
03RSA1401ABK,5.42
03RSA1501ABK,1.5
03RSA1503ABK,1.26
03RSA1506ABK,1.26
03RSA1601ABK,1.5
03RSA1801ABK,2.9
03RSA1802ABK,6.77
03RSA1803ABK,6.77
03RSA1901ABK,1.5
03RSA2001ABK,67.74
03RSA2001BBK,67.74
03RSA2002ABK,67.74
03RSA2002BBK,67.74
03RSA2003ABK,1.5
03RSA2004ABK,1.5
03RSA2005ABK,1.5
03RSA2006ABK,2.71
03RSA2008ABK,1.5
03RSA2009ABK,1.26
03RSA2010ABK,1.26
03RSA2012FBK,4.5
03RSA2012RBK,4.5
03RSA2012ZBK,10
03RSA2013ABK,8
03RSA2201ABK,1.5
03RSA2202ABK,1.5
03RSA2203ABK,1.5
03RSA2601ABK,9.03
03RSA2602ABK,11.61
03RSA2603ABK,11.61
03RSA2901ABK,11.61
03RSA2902ABK,11.61
03RSA3101ABK,1.5
03RSA3102ABK,1.5
03RSA3103ABK,1.5
03RSA3105ABK,1.26
03RSA3701ABK,8.71
03RSA3702ABK,6.5
03RSA3901ABK,6.77
03RSA3902ABK,15
03RSA3903ABK,4.5
03RSA4101ABK,9.03
03RSA4102ABK,11.61
03RSA4104ABK,11.61
03RSA4201ABK,1.5
03RSA4301ABK,1.26
03RSA4501FBK,5
03RSA4501RBK,5
03RSA4501ZBK,6.5
03RSA4502ABK,6.5
03RSA4503ABK,6.5
03RSA5701ABK,12.85
03RSA5702ABK,12.85
03RSA5703ABK,12.85
03RSA5704ABK,12.85
03RSA5901ABK,12.85
03RSA5904ABK,12.85
03RSA5905ABK,12.85
03RSA5906ABK,12.85
03RSA5907ABK,12.85
03RSA6301ABK,12.85
03RSA6302ABK,12.85
03RSA6304ABK,12.85
03RSA6305ABK,12.85
03RSA6306ABK,12.85
03RSA6307ABK,12.85
03RSA6308ABK,12.85
03RSA6309ABK,12.85
03RSA6401ABK,12.85
03RSA6402ABK,12.85
03RSA6403ABK,12.85
03RSA6404ABK,12.85
03RSA6405ABK,12.85
03RSA6406ABK,12.85
03RSA6407ABK,12.85
03RVM1201ABK,126.45
03RVM5006ABK,14.45
03RVM5007ABK,12.65
03RVM5007ASL,12.65
03RVM5008ABK,12.65
03RVM5008ASL,12.65
03RVM5009ABK,11.74
03RVM5010ABK,11.74
03RVM5012ABK,9.94
03RVM5301ABK,16.26
03RVM5701ABK,6.45
03RVM5702ABK,6.45
03RVM5703ABK,6.86
03RVM5704ABK,6.45
03RVM5707ABK,16.26
03RVM5708ACB,41.55
03RVM5709ABK,
03RVM5710ABK,7.23
03RVM5901ABK,6.45
03RVM5902ABK,6.45
03RVM6301ABK,37.94
03RVM6302ABK,11.74
03RVM6303ABK,16.26
03RVM6304ABK,16.26
03RVM6305ABK,15.36
03RVM6306ABK,15.36
03RVM6401ABK,6.45
03RVM6402ABK,16.26
03RVM6403ABK,16.26
03RVM6404ABK,16.26
03SHM0012ZBK,19.39
03SHM0012ZBL,19.39
03SHM0012ZDO,19.39
03SHM0012ZRD,19.39
03SHM0012ZYL,19.39
03SHM5001ABK,7.74
03SHM5001ABL,7.74
03SHM5001ARD,7.74
03SHM5201CBK,6.58
03SHM5201CBL,6.58
03SHM5201CDO,6.58
03SHM5201CRD,6.58
03SHM5201CWT,6.58
03SHM5202CBK,9.39
03SHM5202CBL,9.39
03SHM5202CDO,9.39
03SHM5202CRD,8.95
03SHM5203CBK,8.67
03SHM5203CBL,8.67
03SHM5203CRD,8.67
03SHM5501CBK,19.51
03SHM5501CBL,19.51
03SHM5501CDO,19.51
03SHM5501CRD,19.51
03SHM5501CWT,19.51
03SHM5502CBK,23.01
03SHM5502CBL,23.01
03SHM5503CBK,9.75
03SHM5503CBL,9.75
03SHM5503CRD,9.75
03SHM5503CWT,9.75
03SHM5504CBK,13.62
03SHM5504CBL,13.62
03SHM5504CRD,13.62
03SHM5505CBK,19.51
03SHM5505CBL,19.51
03SHM5505CRD,19.51
03SHM5506CBK,21.29
03SHM5506CBL,21.29
03SHM5506CRD,21.29
03SHM5701CBK,6.68
03SHM5701CBL,6.68
03SHM5701CRD,6.68
03SHM5701CWT,6.68
03SHM5702CBK,5.6
03SHM5702CBL,5.6
03shm5702cdo,7.23
03SHM5702CRD,5.6
03SHM5703CBK,7.23
03SHM5703CBL,7.23
03shm5703cdo,7.23
03SHM5703CRD,7.23
03SHM5703CWT,7.23
03SHM5704CBK,8.57
03SHM5704CBL,8.57
03SHM5704CGR,8.57
03SHM5704CRD,8.57
03SHM5704CWT,8.57
03SHM5705CBK,7.4
03SHM5705CBL,7.77
03shm5705cdo,7.77
03SHM5705CRD,7.77
03shm5705cwt,7.77
03SHM5706CBK,9.39
03SHM5706CBL,9.39
03SHM5706CRD,9.39
03SHM5707CBK,19.2
03SHM5707CBL,19.2
03SHM5707CRD,19.2
03SHM5708CBK,9.39
03SHM5708CBL,9.39
03SHM5708CRD,9.39
03shm5708cwt,9.39
03SHM5709CBK,4.34
03SHM5709CBL,4.34
03SHM5709CRD,4.34
03SHM5710CBK,3.79
03SHM5710CBL,3.79
03SHM5710CRD,3.79
03SHM5711CBK,7.77
03SHM5711CBL,7.77
03SHM5711CRD,7.77
03SHM5712CBK,19.51
03SHM5712CBL,19.51
03shm5712cDO,19.51
03SHM5712CRD,19.51
03shm5712cwt,19.51
03SHM5713CBK,21.68
03SHM5713CBL,21.68
03SHM5713CDO,21.68
03SHM5713CRD,21.68
03SHM5713CWT,21.68
03SHM5714CBK,8.67
03SHM5714CBL,8.67
03SHM5714CRD,8.67
03SHM5715CBK,18.61
03SHM5715CBL,18.61
03SHM5715CDO,18.61
03SHM5715CRD,18.61
03SHM5716CBK,5.78
03SHM5716CBL,5.78
03SHM5716CRD,5.78
03SHM5716CYL,5.78
03SHM5717CBK,17.34
03SHM5717CBL,17.34
03SHM5717CRD,17.34
03SHM5717CWT,17.34
03SHM5718CBK,18.43
03SHM5718CBL,18.43
03SHM5718CRD,18.43
03SHM5719CBK,18.43
03SHM5719CBL,18.43
03SHM5719CRD,18.43
03SHM5720CBK,17.45
03SHM5720CBL,18.32
03SHM5720CRD,17.45
03SHM5721CBK,25.52
03SHM5721CBL,25.52
03SHM5721CRD,25.52
03SHM5723CBK,8.57
03SHM5723CBL,8.13
03SHM5723CRD,8.13
03SHM5723CWT,8.57
03SHM5724CBK,8.57
03SHM5724CBL,8.57
03SHM5724CGR,8.57
03SHM5724CRD,8.57
03SHM5724CWT,8.57
03SHM5725CBK,7.63
03SHM5725CBL,7.63
03SHM5725CDO,7.63
03SHM5725CGR,7.63
03SHM5725CRD,7.63
03SHM5725CWT,7.63
03SHM5726CBK,6.85
03SHM5726CBL,6.85
03SHM5727CBK,9.86
03SHM5727CBL,9.86
03SHM5727CRD,9.86
03SHM5728CBK,10.48
03SHM5728CBL,10.48
03SHM5728CRD,10.48
03SHM5728CWT,10.48
03SHM5728CYL,7.74
03SHM5729CBK,5.78
03SHM5729CBL,5.78
03SHM5729CDO,5.78
03SHM5729CRD,5.78
03SHM5730CBL,
03SHM5732CBK,6.97
03SHM5732CBL,6.97
03SHM5732CRD,6.97
03SHM5734CGR,
03SHM5736CBK,6.97
03SHM5738ABK,10.65
03SHM5738ABL,10.65
03SHM5738ARD,10.65
03SHM5740ZBK,1.94
03SHM5740ZBL,1.94
03SHM5740ZRD,1.94
03SHM5741CBK,8.71
03SHM5741CBL,8.71
03SHM5741CRD,8.71
03SHM5902CBK,5.49
03SHM5902CBL,5.49
03SHM5902CDO,5.49
03SHM5902CGR,5.49
03SHM5902CRD,5.49
03SHM5903CBK,4.93
03SHM5903CBL,4.93
03SHM5903CGR,4.93
03SHM5903CRD,4.93
03SHM5904CBK,9.63
03SHM5904CBL,9.63
03SHM5904CGR,9.63
03SHM5904CRD,9.63
03SHM5904CYL,9.63
03SHM5905CBK,11.92
03SHM5905CBL,11.92
03SHM5905CGR,11.92
03SHM5905CRD,11.92
03SHM5906CBK,14.27
03SHM5906CBL,14.27
03SHM5906CGR,14.27
03SHM5906CRD,14.27
03SHM5907CBK,6.14
03SHM5907CBL,6.14
03SHM5907CGR,6.14
03SHM5907CRD,6.14
03SHM5907CWT,6.14
03SHM5907CYL,6.14
03SHM5908CBK,10.3
03SHM5908CBL,10.3
03SHM5908CGR,10.3
03SHM5908CRD,10.3
03SHM5908CYL,10.3
03SHM5909CBL,6.86
03SHM5909CGR,6.86
03SHM5909COR,6.86
03SHM5909CRD,6.86
03SHM5909CWT,6.86
03SHM5910CBK,23.25
03SHM5910CBL,23.25
03SHM5910CGR,23.25
03SHM5910CRD,23.25
03SHM5911CBK,4.7
03SHM5911CBL,4.7
03SHM5911CGR,4.7
03SHM5911COR,4.7
03SHM5911CRD,4.7
03SHM5911CWT,4.7
03SHM5913CBK,6.14
03SHM5913CBL,6.14
03SHM5913CGR,6.14
03SHM5913CRD,6.14
03SHM5914CBK,8.3
03SHM5914CBL,8.3
03SHM5914CGR,8.3
03SHM5914CRD,8.3
03SHM5915CBK,7.24
03SHM5915CBL,7.24
03SHM5915CGR,7.24
03SHM5915CRD,7.24
03SHM5916CBK,7.41
03SHM5916CBL,7.41
03SHM5916CGR,7.41
03SHM5916CRD,7.41
03SHM5917CBK,9.75
03SHM5917CBL,9.75
03SHM5917CGR,9.75
03SHM5917CRD,9.75
03SHM5918CBK,9.94
03SHM5918CBL,9.94
03SHM5918CGR,9.94
03SHM5918CRD,9.94
03SHM5919CBK,8.31
03SHM5919CBL,8.31
03SHM5919CGR,8.31
03SHM5919COR,8.31
03SHM5919CRD,8.31
03SHM5920CBK,6.86
03SHM5920CBL,6.86
03SHM5920CGR,6.86
03SHM5920CRD,6.54
03SHM5921CBK,8.85
03SHM5921CBL,8.85
03SHM5921CGR,8.85
03SHM5921CRD,8.85
03SHM5922CBK,7.05
03SHM5922CBL,7.05
03SHM5922CGR,7.05
03SHM5922CRD,7.05
03SHM5923CBL,15.17
03SHM5925CGR,11.56
03SHM5926CBK,11.56
03SHM5926CBL,11.56
03SHM5926CGR,11.56
03SHM5926CRD,11.56
03SHM5927CBK,14.56
03SHM5927CBL,14.56
03SHM5927CGR,14.56
03SHM5927CRD,14.56
03SHM5928CBK,15.54
03SHM5928CBL,15.54
03SHM5928CGR,15.54
03SHM5928CRD,15.54
03SHM5929CBK,16.98
03SHM5929CBL,16.98
03SHM5929CDO,16.98
03SHM5929CGR,16.98
03SHM5929CRD,16.98
03SHM5929CYL,16.98
03SHM5930CBK,8.67
03SHM5930CBL,8.67
03SHM5930CGR,8.67
03SHM5931CBK,13.37
03SHM5931CBL,13.37
03SHM5931CDO,13.37
03SHM5931CGR,13.37
03SHM5931CRD,13.37
03SHM5932CBK,5.24
03SHM5932CBL,5.24
03SHM5932CGR,5.24
03SHM5932COR,5.24
03SHM5932CRD,5.24
03SHM5933CBK,5.06
03SHM5933CBL,5.06
03SHM5933CGR,5.06
03SHM5933COR,5.06
03SHM5933CRD,5.24
03SHM5933CWT,5.24
03SHM5934CBK,8.57
03SHM5934CBL,8.57
03SHM5934CGR,8.57
03SHM5934COR,8.57
03SHM5934CRD,8.57
03SHM5934CYL,8.57
03SHM5935CBK,18.88
03SHM5935CBL,18.88
03SHM5935CGR,18.88
03SHM5936CBK,5.87
03SHM5936CBL,5.87
03SHM5936CGR,5.87
03SHM5936COR,5.87
03SHM5936CRD,5.87
03SHM5941CBK,15.05
03SHM5941CBL,15.05
03SHM5941CRD,15.05
03SHM5942CBK,9.52
03SHM5942CBL,9.52
03SHM5942CRD,9.52
03SHM5943CBK,15.48
03SHM5943CBL,15.48
03SHM5943CRD,15.48
03SHM5944CBK,11.61
03SHM5944CBL,11.61
03SHM5944CRD,11.61
03SHM5946CBK,7.74
03SHM5946CBL,7.74
03SHM5946CRD,7.74
03SHM5947CBK,12.58
03SHM5947CBL,12.58
03SHM5947CRD,12.58
03SHM5948CBK,10.65
03SHM5948CBL,10.65
03SHM5948CRD,10.65
03SHM5949CBK,9.68
03SHM5949CBL,9.68
03SHM5949CRD,9.68
03SHM5950CBK,9.68
03SHM5950CBL,9.68
03SHM5950CRD,9.68
03SHM5951CBK,9.68
03SHM5951CBL,9.68
03SHM5951CRD,9.68
03SHM5952CBK,4.84
03SHM5952CBL,4.84
03SHM5952CRD,4.84
03SHM6001CBK,13.19
03SHM6001CBL,13.19
03SHM6001CDO,13.19
03SHM6001CRD,13.19
03SHM6002CBK,5.96
03SHM6002CBL,5.96
03SHM6002CDO,5.96
03SHM6002CRD,5.96
03SHM6003CBK,18.12
03SHM6003CBL,18.12
03SHM6003CDO,18.12
03SHM6003CRD,18.12
03SHM6004CBK,8.13
03SHM6004CBL,8.13
03SHM6004CDO,8.13
03SHM6004CFL,8.13
03SHM6004CRD,8.13
03SHM6005CBK,6.58
03SHM6005CBL,6.58
03SHM6005CDO,6.58
03SHM6005CRD,6.58
03SHM6006CBK,15.9
03SHM6006CBL,15.9
03SHM6006CDO,15.9
03SHM6006COR,15.9
03SHM6006CRD,15.9
03SHM6007CBK,17.52
03SHM6007CBL,17.52
03SHM6007CDO,17.52
03SHM6007CRD,16.7
03SHM6008CBK,12.39
03SHM6008CBL,12.39
03SHM6008CDO,12.39
03SHM6008CRD,12.39
03SHM6009CBK,6.76
03SHM6009CBL,6.76
03SHM6009CDO,6.76
03SHM6009CGR,6.76
03SHM6009CRD,6.76
03SHM6010CBK,4.57
03SHM6010CBL,4.57
03SHM6010CDO,4.57
03SHM6010CRD,4.57
03SHM6011CBK,4.7
03SHM6011CBL,4.7
03SHM6011CDO,4.7
03SHM6011COR,4.7
03SHM6011CRD,4.7
03SHM6012CBK,10.33
03SHM6012CBL,10.33
03SHM6012CDO,10.33
03SHM6012COR,10.33
03SHM6012CRD,10.33
03SHM6013CBK,10.33
03SHM6013CBL,10.33
03SHM6013CDO,10.33
03SHM6013CFL,10.33
03SHM6013CRD,10.33
03SHM6014CBK,14.5
03SHM6014CBL,14.5
03SHM6014CDO,14.5
03SHM6014CRD,14.5
03SHM6015CBK,5.05
03SHM6015CBL,5.05
03SHM6015CDO,5.05
03SHM6015CRD,5.05
03SHM6016CBK,11.8
03SHM6016CBL,11.8
03SHM6016CDO,11.8
03SHM6016CRD,11.8
03SHM6016CWT,11.8
03SHM6017CBK,10.33
03SHM6017CBL,10.33
03SHM6017CDO,10.33
03SHM6017CRD,10.33
03SHM6018CBK,5.29
03SHM6018CBL,5.29
03SHM6018CDO,5.29
03SHM6018CFL,5.29
03SHM6018CRD,5.29
03SHM6301CBK,6.11
03SHM6301CBL,6.11
03SHM6301CDO,6.11
03SHM6301CRD,5.82
03SHM6302CBK,7.64
03SHM6302CBL,7.64
03SHM6302CRD,7.64
03SHM6302CWT,7.64
03SHM6303CBK,8.85
03SHM6303CBL,6.58
03SHM6303CRD,6.58
03SHM6303CWT,8.85
03SHM6304CBK,8.85
03SHM6304CBL,8.85
03SHM6304CRD,8.85
03SHM6305CBK,5.42
03SHM6305CBL,5.42
03SHM6305CDO,5.42
03SHM6305CRD,5.42
03SHM6305CWT,5.42
03SHM6306CBK,8.67
03SHM6306CBL,8.67
03SHM6306CDO,8.67
03SHM6306CRD,8.67
03SHM6307CBK,10.3
03SHM6307CBL,10.3
03SHM6307CRD,10.3
03SHM6308CBK,9.03
03SHM6308CBL,9.03
03SHM6308CGR,9.03
03SHM6308CRD,9.03
03SHM6308CWT,9.03
03SHM6309CBL,21.66
03SHM6309CRD,21.66
03SHM6309CWT,21.66
03SHM6312CBK,17.16
03SHM6312CBL,17.16
03SHM6312CRD,17.16
03SHM6313CBK,16.8
03SHM6313CBL,16.8
03SHM6313CDO,16.8
03SHM6313CRD,16.8
03SHM6314CBK,14.55
03SHM6314CBL,15.26
03SHM6314CRD,15.26
03SHM6315CWT,
03SHM6316CBK,6.94
03SHM6316CBL,6.94
03SHM6316CRD,6.94
03SHM6316CYL,6.94
03SHM6317CBK,6.14
03SHM6317CBL,6.14
03SHM6317CRD,6.14
03SHM6317CWT,6.14
03SHM6317CYL,6.14
03SHM6318CBK,9.39
03SHM6318CBL,9.39
03SHM6318CRD,9.39
03SHM6320CBK,9.68
03SHM6320CBL,9.68
03SHM6320CRD,9.68
03SHM6321CBK,14.52
03SHM6321CBL,14.52
03SHM6321CRD,14.52
03SHM6322CBK,5.03
03SHM6322CBL,5.03
03SHM6322CRD,5.03
03SHM6323CBK,5.61
03SHM6323CBL,5.61
03SHM6323CRD,5.61
03SHM6401CBK,5.24
03SHM6401CBL,5.24
03SHM6401CDO,5.24
03SHM6401CRD,5.4
03SHM6402CBK,6.5
03SHM6402CBL,6.5
03SHM6402CDO,6.5
03SHM6402CRD,6.5
03SHM6403CBK,6.86
03SHM6403CBL,6.86
03SHM6403CDO,6.86
03SHM6403CRD,6.86
03SHM6403CWT,6.86
03SHM6404CBK,5.96
03SHM6404CBL,5.96
03SHM6404CDO,5.96
03SHM6404CRD,5.96
03SHM6405CBK,6.32
03SHM6405CBL,6.32
03SHM6405CDO,6.32
03SHM6405CRD,6.32
03SHM6406CBK,5.42
03SHM6406CBL,5.42
03SHM6406CRD,5.42
03SHM6406CWT,5.42
03SHM6407CBK,7.14
03SHM6407CBL,7.14
03SHM6407CRD,7.14
03SHM6408CBK,6.14
03SHM6408CBL,6.14
03SHM6408CDO,6.14
03SHM6408CRD,6.14
03SHM6409CBK,10.48
03SHM6409CBL,10.48
03SHM6409CDO,10.48
03SHM6409CRD,10.48
03SHM6410CBK,7.51
03SHM6410CBL,7.51
03SHM6410CRD,7.51
03SHM6410CWT,7.51
03SHM6411CBK,5.87
03SHM6411CBL,5.87
03SHM6411CDO,5.87
03SHM6411CRD,5.87
03SHM6412CBK,8.67
03SHM6412CBL,8.67
03SHM6412CDO,8.67
03SHM6412CRD,8.67
03SHM6412CWT,8.67
03SHM6413CBK,14.81
03SHM6413CBL,14.81
03SHM6413CRD,14.81
03SHM6413DBL,11.61
03SHM6413DRD,11.61
03SHM6414CBK,18.43
03SHM6414CBL,18.43
03SHM6414CDO,18.43
03SHM6414CRD,18.43
03SHM6415CBK,18.43
03SHM6415CBL,18.43
03SHM6415CRD,18.43
03SHM6416CBK,15.24
03SHM6416CBL,15.24
03SHM6416CRD,15.24
03SHM6416CWT,15.24
03SHM6417CBK,21.9
03SHM6417CBL,21.9
03SHM6417CDO,21.9
03SHM6417CRD,21.9
03SHM6418CBK,7.59
03SHM6418CBL,7.59
03SHM6418CRD,7.59
03SHM6419CBK,8.57
03SHM6419CBL,8.57
03SHM6419CDO,8.57
03SHM6419CRD,8.57
03SHM6419CWT,8.57
03SHM6419CYL,8.57
03SHM6420CBK,4.84
03SHM6420CBL,4.84
03SHM6420CRD,4.84
03SHM6421CBK,19.33
03SHM6421CBL,19.33
03SHM6421CDO,19.33
03SHM6421CRD,19.33
03SHM6421CWT,19.33
03SHM6422CBK,13.14
03SHM6422CBL,13.14
03SHM6422CDO,13.14
03SHM6422CRD,13.14
03SHM6423CBL,7.23
03SHM6424CBK,7.28
03SHM6424CBL,7.28
03SHM6424CRD,7.28
03SHM6425CBK,6.32
03SHM6425CBL,6.32
03SHM6425CRD,6.32
03SHM6426CBL,6.23
03SHM6426CDO,6.23
03SHM6426CRD,6.32
03SHM6427CBK,6.14
03SHM6427CBL,6.14
03SHM6427CRD,6.14
03SHM6428CBK,6.67
03SHM6428CBL,6.67
03SHM6428CDO,6.67
03SHM6428CRD,6.67
03SHM6428CWT,6.67
03SHM6429CBK,15.54
03SHM6429CBL,15.54
03SHM6429CRD,15.54
03SHM6430CBK,
03SHM6430CBL,
03SHM6430CRD,
03SHM6432CBL,10.25
03SHM6434CBL,5.82
03SHM6435CBK,9.3
03SHM6435CBL,4.45
03SHM6606CBK,10.16
03SHM6607CBL,8.85
03SHM6607CRD,8.85
03SSH6501ASL,16.26
03UFA5701ABK,20.97
03UFA5702ABK,16.13
03UFA5703ABK,18.36
03UFA5704ABK,29.38
03UFA5705ABK,16.13
03UFA5706ABK,47.74
03UFA5901ABK,31.21
03UFA5902ABK,31.21
03UFA5903ABK,55.08
03UFA5904ABK,27.54
03UFA5905ABK,27.54
03UFA5906ABK,46.97
03UFA5907ABK,27.54
03UFA5908ABK,36.72
03UFA5909ABK,16.13
03UFA6301ABK,55.08
03UFA6302ABK,24.19
03UFA6303ABK,56.92
03UFA6304ABK,56.92
03UFA6305ABK,24.19
03UFA6306ABK,27.54
03UFA6307ABK,32.26
03UFA6308ABK,38.56
03UFA6309ABK,29.03
03UFA6310ABK,33.05
03UFA6401ABK,27.54
03UFA6402ABK,20.2
03UFA6403ABK,27.54
03UFA6404ABK,27.54
03UFA6405ABK,27.54
03UFA6406ABK,27.54
03UFA6407ABK,24.19
03UFA6408ABK,53.25
03UFA6409ABK,36.72
03UFA6410ABK,33.05
03WDB5701H00,90.32
03WDB5702H00,90.32
03WDB5703H00,91.8
03WDB5704H00,153.55
03WDB5704H07,171.61
03WDB5705H00,153.55
03WDB5706H00,90.3226
03WDB5707H00,144.52
03WDB5711H00,162.58
03WDB5712H00,90.32
03WDB5713H00,180.65
03WDB5901K00,146.885
03WDB5902K00,153.548
03WDB5905K00,180.65
03WDB5906K00,180.65
03WDB6301S00,144.52
03WDB6302S00,144.52
03WDB6304S00,201.967
03WDB6305S00,144.52
03WDB6306S00,146.885
03WDB6307S00,153.548
03WDB6308S00,183.607
03WDB6402Y00,144.52
03WDB6403Y00,165.246
03WDB6404Y00,162.58
03WDB6405Y00,198.71
03WDB6408Y00,162.58
03WDB6410Y00,153.55
03WTA5701ASL,27.09677419
03WTA5701BSL,27.09677419
03WTA5701ZSL,54.19
03WTA5702ASL,28.90322581
03WTA5703ZSL,46.13
03WTA5704BSL,28.90322581
03WTA5704ZSL,46.13
03WTA5705ZSL,46.13
03WTA5716ABK,57.81
03WTA5719ABK,39.74193548
03WTA5720ABK,50.58
03WTA5721ABK,54.19
03WTA5722ABK,117.419
03WTA5723ABK,49.6774
03WTA5724ASL,11.9344
03WTA5725ASL,51.45
03WTA5726ASL,35.48
03WTA5901ASL,28.90322581
03WTA5901BSL,28.90322581
03WTA5902ASL,28.90322581
03WTA5902BSL,28.90322581
03WTA5902ZSL,57.81
03WTA5903ASL,50.58064516
03WTA5904ABK,50.58
03WTA5905ABK,50.58
03WTA5906ABK,50.58
03WTA5907ABK,59.61
03WTA5908ABK,58.7097
03WTA5909ABK,70.5
03WTA5910ABK,85.81
03WTA6301ASL,28.90322581
03WTA6301BSL,28.90322581
03WTA6303ABK,56.9
03WTA6304ABK,50.58
03WTA6305ABK,50.58
03WTA6306ABK,50.58
03WTA6307ABK,52.39
03WTA6308ABK,54.19
03WTA6309ABK,46.97
03WTA6310ABK,46.97
03WTA6311ABK,104.774
03WTA6312ASL,23.06
03WTA6313ZSL,46.13
03WTA6401ASL,28.90322581
03WTA6401BSL,28.90322581
03WTA6402ASL,28.90322581
03WTA6402BSL,28.90322581
03WTA6403ASL,28.90322581
03WTA6403BSL,28.90322581
03WTA6404ASL,28.90322581
03WTA6404BSL,28.90322581
03WTA6405BSL,28.90322581
03WTA6405ZSL,46.13
03WTA6406ASL,23.06
03WTA6409ABK,50.58
03WTA6410ABK,62.32
03WTA6411ABK,62.3
03WTA6412ABK,64.13
03WTA6413ZSL,46.13
04CLA0001CBK,
04CLA0001EBK,
04CLA0026ABL,
04CLA0026AYL,
04SDB0001ABK,7.76
04SDB0001ACU,7.76
04SDB0001AGR,7.76
04SDB0001AGY,7.76
04SDB0002ABK,14.81
04SDB0002ACP,14.81
04SDB0002ACU,14.81
04SDB0002ADC,14.81
04SDB0002AGR,14.81
04SDB0002AGY,14.81
04SDB1001ACL,3.17
04SDB1002ACL,16.02
04SDB1003AGR,10.84
04SDB1003ARD,10.84
04SDB1004ACL,1.81
04SDB2001ACL,9.24
04SDB2002ACL,9.24
04SDB3006ACL,9.24
04SDB4007ABK,6.06
04SDB4007ZBK,8.06
04SDB4009ABK,6.06
04SDB4010ABK,6.24
04SDB4010ARD,7.8
04SDB4012ABK,6.7
04SDB4012ARD,8.2
04SDB4014ABK,7.07
04SDB4014ZBK,
04SDB4016ABK,13
04SDB5001ABK,2.2
04SDB5001ABL,2.2
04SDB5001AGD,2.2
04SDB5001APL,2.2
04SDB5001ARD,2.2
04SDB5001ASL,2.2
04SDBMK30ABK,5.43
04SDBNK24ABK,6.1
04SDBRK30ABK,7.01
04SDBSPK4ABK,1.33
05SDA0002AWT,0.16
05SDA0002BWT,0.22
05SDA0002ZWT,0.28
05SDA0004ZBK,0.28
05SDA0004ZBL,0.28
05SDA0004ZDO,0.28
05SDA0004ZLP,0.28
05SDA0004ZPL,0.28
05SDA0004ZRD,0.28
05SDA0004ZRO,0.28
05SDA0004ZWT,0.28
05SDA0004ZYL,0.28
05SDA1301ARD,12.65
05SDA1302ARD,12.65
05SDA1303ARD,9.94
05SDA1304ACL,15.54
08FLA0001YBL,5.97
08FLA0001YCL,5.97
08FLA0001YGR,5.97
08FLA0001YPL,5.97
08FLA0001YRD,5.97
08FLA0001YWT,5.97
08FLA0001YYL,5.97
08FLA0001ZBL,11.93
08FLA0001ZCL,11.93
08FLA0001ZGR,11.93
08FLA0001ZPL,11.93
08FLA0001ZRD,11.93
08FLA0001ZWT,11.93
08FLA0001ZYL,11.93
08NRA0052ACL,5.49
